"CODE","NAME","PARENT","TYPE_PARAM","STATUS","IMAGE","PARAM_ORDER","GROUP_TYPE","LEVEL_NODE","SUB_CODE","MODIFIED_DATE","START_TIME","END_TIME","ID","DEPT_ID","PARENT_DEPT_ID","DEPT_ORDER","STANDARD_NAME","PARAM_ORDER_SMS"
VTG_METFONE,"Metfone_CT Viettel Cambodia Pte., Ltd",VTG,DTLV,1,,0,DTLV,11,,2021-12-29 12:37:26.000,,,100676,308469,256,,,
TTTT,VTSport_TT Thể thao Viettel,CPLTM,DTLV,1,,5,DTLV,,,2021-12-30 10:52:17.000,,,100698,2108,308480,,,
HVT,VTAca_Học viện Viettel,CPLTM,DTLV,1,,4,DTLV,,,2021-12-30 10:52:17.000,,,100699,305965,308480,,,
VTH,TT KD Sản phẩm công nghệ cao Viettel,SXTBCNC_HHL,DTLV,1,,1,DTLV,,,2021-12-30 10:49:02.000,,,100724,7920,308482,,,
VTEK,TT Nghiên cứu công nghệ mạng Viettel,SXTBCNC_HHL,DTLV,1,,0,DTLV,,,2021-12-30 10:49:02.000,,,100725,1709,308482,,,
N030,NBH,TSS,DTLV,1,,41,DTLV,,,2021-11-16 23:39:53.000,,,100839,306,307143,,NBH,
N068,NTN,TSS,DTLV,1,,43,DTLV,,,2021-11-16 23:39:53.000,,,100838,328,307143,,NTN,
P210,PTO,TSS,DTLV,1,,44,DTLV,,,2021-11-16 23:44:56.000,,,100885,310,307143,,PTO,
P057,PYN,TSS,DTLV,1,,45,DTLV,,,2021-11-16 23:49:45.000,,,100884,329,307143,,PYN,
Q052,QBH,TSS,DTLV,1,,46,DTLV,,,2021-11-16 23:49:45.000,,,100883,312,307143,,QBH,
Q510,QNM,TSS,DTLV,1,,49,DTLV,,,2021-11-16 23:44:56.000,,,100882,319,307143,,QNM,
Q055,QNI,TSS,DTLV,1,,48,DTLV,,,2021-12-02 13:40:01.000,,,100881,318,307143,,QNI,
Q033,QNH,TSS,DTLV,1,,47,DTLV,,,2021-11-16 23:44:56.000,,,100880,311,307143,,QNH,
Q053,QTI,TSS,DTLV,1,,50,DTLV,,,2021-11-16 23:44:56.000,,,100879,316,307143,,QTI,
S079,STG,TSS,DTLV,1,,52,DTLV,,,2021-11-16 23:44:56.000,,,100878,374,307143,,STG,
S022,SLA,TSS,DTLV,1,,51,DTLV,,,2021-11-16 23:44:56.000,,,100877,285,307143,,SLA,
T066,TNH,TSS,DTLV,1,,56,DTLV,,,2021-11-16 23:44:56.000,,,100876,334,307143,,TNH,
T036,TBH,TSS,DTLV,1,,53,DTLV,,,2021-11-16 23:44:56.000,,,100875,288,307143,,TBH,
T280,TNN,TSS,DTLV,1,,57,DTLV,,,2021-11-16 23:44:56.000,,,100874,290,307143,,TNN,
T037,THA,TSS,DTLV,1,,55,DTLV,,,2021-11-16 23:44:56.000,,,100873,289,307143,,THA,
T054,HUE,TSS,DTLV,1,,29,DTLV,,,2021-11-16 23:44:56.000,,,100872,320,307143,,HUE,
T073,TGG,TSS,DTLV,1,,54,DTLV,,,2021-11-16 23:44:56.000,,,100871,335,307143,,TGG,
T008,HCM,TSS,DTLV,1,,2,DTLV,,,2021-12-02 09:55:45.000,,,100870,366,307143,,HCM,
T074,TVH,TSS,DTLV,1,,59,DTLV,,,2021-11-16 23:44:56.000,,,100869,355,307143,,TVH,
T027,TQG,TSS,DTLV,1,,58,DTLV,,,2021-11-16 23:44:56.000,,,100868,287,307143,,TQG,
V070,VLG,TSS,DTLV,1,,60,DTLV,,,2021-11-16 23:44:56.000,,,100867,379,307143,,VLG,
V211,VPC,TSS,DTLV,1,,61,DTLV,,,2021-11-16 23:44:56.000,,,100866,291,307143,,VPC,
Y029,YBI,TSS,DTLV,1,,63,DTLV,,,2021-11-16 23:44:56.000,,,100865,314,307143,,YBI,
TSS,Viettel Tỉnh/TP,TD,DTLV,1,,9,DTLV,,,2021-11-16 18:38:54.000,,,100821,307143,254,,,
VTT_VDS,VTT+VDS,VT,DTLV,1,,1,DTLV,,,2021-12-30 10:51:21.000,,,100661,308465,308464,,,
VTCM,Nexttel_CT Viettel Cameroon S.A.R.L,VTG,DTLV,1,,9,DTLV,,,2021-12-29 12:37:26.000,,,100681,308341,256,,,
VTG_BITEL,Bitel_CT Viettel Peru,VTG,DTLV,1,,8,DTLV,,,2021-12-29 12:37:26.000,,,100682,308478,256,,Bitel,
VTG_LUMITEL,Lumitel_CT Viettel Burundi S.A,VTG,DTLV,1,,7,DTLV,,,2021-12-29 12:37:26.000,,,100683,308476,256,,,
VTG_HALOTEL,Halotel_CT Viettel Tanzania,VTG,DTLV,1,,6,DTLV,,,2021-12-29 12:37:26.000,,,100684,308475,256,,,
VTG_MOVITEL,Movitel_CT Movitel,VTG,DTLV,1,,5,DTLV,,,2021-12-29 12:37:26.000,,,100685,308474,256,,,
CTM,CTM_Công ty mẹ Tập đoàn,TD,DTLV,1,,0,DTLV,2,,2021-12-29 10:03:33.000,,,100659,305964,254,,,
TD,TĐ_Tập đoàn,,DTLV,1,,1,DTLV,1,,2021-12-29 10:03:33.000,,,100660,254,,,,
VTN,VTNet_TCT Mạng lưới Viettel,VT,DTLV,1,,3,DTLV,7,,2021-12-30 10:51:21.000,,,100663,273,308464,,,
CT,VCC_TCT CP Công trình Viettel,VT,DTLV,1,,4,DTLV,,,2021-12-30 10:51:21.000,,,100664,219,308464,,,
VTS,VTS_TCT Giải pháp Doanh nghiệp Viettel,GPCNDV,DTLV,1,,0,DTLV,,,2021-12-30 10:50:55.000,,,100667,8987,308467,,,
GPCNDV,Lĩnh vực GPCNTT - DV số,TD,DTLV,1,,2,DTLV,,,2021-12-30 10:50:55.000,,,100668,308467,,,GPCNDV,
GPCNDV_HHL,Nhóm hết hiệu lực,GPCNDV,DTLV,1,,7,DTLV,,,2021-12-30 10:50:55.000,,,100670,308468,308467,,GPCNDV_HHL,
VDTC,VDTC_CT CP Giao thông số Việt Nam,GPCNDV,DTLV,1,,6,DTLV,,,2021-12-30 10:50:55.000,,,100671,305961,308467,,,
IDC,IDC_CT TNHH Viettel - CHT,GPCNDV,DTLV,1,,5,DTLV,,,2021-12-30 10:50:55.000,,,100672,226,308467,,,
KGM,VTCC_TT Không gian mạng Viettel,GPCNDV,DTLV,1,,4,DTLV,,,2021-12-30 10:50:55.000,,,100673,2106,308467,,,
ANM,VCS_CT An ninh mạng Viettel,GPCNDV,DTLV,1,,3,DTLV,,,2021-12-30 10:50:55.000,,,100674,2105,308467,,,
TH,VTM_CT Truyền thông Viettel,GPCNDV,DTLV,1,,2,DTLV,,,2021-12-30 10:50:55.000,,,100675,223,308467,,,
VNC,VHT_TCT Công nghiệp Công nghệ cao Viettel,SXTBCNC,DTLV,1,,0,DTLV,,,2021-12-30 10:52:43.000,,,100686,284,270,,,
SXTBCNC,Lĩnh vực Nghiên cứu sản xuất CN CNC,TD,DTLV,1,,3,DTLV,,,2021-12-30 10:52:43.000,,,100687,270,,,SXTBCNC,
SXTBCNC_HHL,Nhóm hết hiệu lực,SXTBCNC,DTLV,1,,4,DTLV,,,2021-12-30 10:52:43.000,,,100688,308482,270,,GPCNDV_HHL,
M3,M3_CT TNHH MTV Thông tin M3,SXTBCNC_HHL,DTLV,1,,4,DTLV,,,2021-12-30 10:52:43.000,,,100689,305960,270,,,
M1,M1_CT TNHH MTV Thông tin M1,SXTBCNC_HHL,DTLV,1,,3,DTLV,,,2021-12-30 10:52:43.000,,,100690,282,270,,,
VHK,VTX_Viện Hàng không vũ trụ Viettel,SXTBCNC,DTLV,1,,1,DTLV,,,2021-12-30 10:52:43.000,,,100691,7318,270,,,
VIT4,TT CNTT Viettel 4,GPCNDV_HHL,DTLV,1,,6,DTLV,,,2021-12-30 09:59:05.000,,,100709,7371,308468,,,
VIT3,TT CNTT Viettel 3,GPCNDV_HHL,DTLV,1,,5,DTLV,,,2021-12-30 09:59:05.000,,,100710,7370,308468,,,
VIT2,TT CNTT Viettel 2,GPCNDV_HHL,DTLV,1,,4,DTLV,,,2021-12-30 09:59:05.000,,,100711,7369,308468,,,
VIT1,TT CNTT Viettel 1,GPCNDV_HHL,DTLV,1,,3,DTLV,,,2021-12-30 09:59:05.000,,,100712,7368,308468,,,
VTS2,TTPM 2,GPCNDV_HHL,DTLV,1,,2,DTLV,,,2021-12-30 09:59:05.000,,,100713,202,308468,,,
HHL_VT,TTPM Viễn thông Viettel,GPCNDV_HHL,DTLV,1,,0,DTLV,,,2021-12-30 09:59:05.000,,,100714,308482,308468,,,
VTS1,TTPM 1,GPCNDV_HHL,DTLV,1,,1,DTLV,,,2021-12-30 09:59:05.000,,2021-10-30 09:59:05.000,100715,201,308468,,,
VTR,CT Viettel Russia,CPLTM_HHL,DTLV,1,,6,DTLV,,,2021-12-30 10:07:41.000,,,100716,8948,308483,,,
VTE,CT Viettel Europe,CPLTM_HHL,DTLV,1,,5,DTLV,,,2021-12-30 10:07:41.000,,,100717,8947,308483,,,
VTA,CT Viettel America,CPLTM_HHL,DTLV,1,,4,DTLV,,,2021-12-30 10:07:41.000,,,100718,3115,308483,,,
TKTC,TT Thiết kế toàn cầu,CPLTM_HHL,DTLV,1,,3,DTLV,,,2021-12-30 10:07:41.000,,,100719,7367,308483,,,
VHC,CT TNHH Phát triển nhà Viettel - Hancic,CPLTM_HHL,DTLV,1,,2,DTLV,,,2021-12-30 10:07:41.000,,,100720,3097,308483,,,
VVHA,CT CP Phát triển đô thị Vinaconex - Viettel,CPLTM_HHL,DTLV,1,,1,DTLV,,,2021-12-30 10:07:41.000,,,100721,3137,308483,,,
KDN,CT TNHH MTV Kinh doanh nhà Viettel,CPLTM_HHL,DTLV,1,,0,DTLV,,,2021-12-30 10:07:41.000,,,100722,308342,308483,,,
CPLTM_HHL,Nhóm hết hiệu lực,CPLTM,DTLV,1,,7,DTLV,,,2021-12-30 10:07:41.000,,,100723,308483,308480,,,
NCPTTB,TT Nghiên cứu thiết bị thông minh,SXTBCNC_HHL,DTLV,1,,2,DTLV,,,2021-12-30 10:49:23.000,,,100726,3099,308482,,,
VTT_VTS_VDS,VTT+VTS+VDS,VT,DTLV,1,,2,DTLV,,,2021-12-30 10:51:21.000,,,100662,308466,308464,,,
BC,VTPost_TCT CP Bưu chính Viettel,CPLTM,DTLV,1,,0,DTLV,,,2021-12-30 10:52:17.000,,,100692,218,308480,,,
CPLTM,"Lĩnh vực TMĐT, Logistics và Khác",TD,DTLV,1,,4,DTLV,,,2021-12-30 10:52:17.000,,,100693,308480,,,CPLTM,
BDS,VAM_CT Quản lý tài sản Viettel,CPLTM,DTLV,1,,3,DTLV,,,2021-12-30 10:52:17.000,,,100694,2104,308480,,,
XMCP,XMCP_CT CP Xi măng Cẩm Phả,CPLTM,DTLV,1,,2,DTLV,,,2021-12-30 10:52:17.000,,,100695,305980,308480,,,
XNK,VCM_CT TNHH NN MTV TM&XNK Viettel,CPLTM,DTLV,1,,1,DTLV,,,2021-12-30 10:52:17.000,,,100696,286,308480,,,
K060,KTM,TSS,DTLV,1,,34,DTLV,,,2021-11-16 23:39:53.000,,,100847,326,307143,,KTM,
L231,LCU,TSS,DTLV,1,,37,DTLV,,,2021-11-16 23:39:53.000,,,100846,304,307143,,LCU,
L063,LDG,TSS,DTLV,1,,38,DTLV,,,2021-11-16 23:39:53.000,,,100845,327,307143,,LDG,
L025,LSN,TSS,DTLV,1,,39,DTLV,,,2021-11-16 23:39:53.000,,,100844,305,307143,,LSN,
L020,LCI,TSS,DTLV,1,,36,DTLV,,,2021-11-16 23:39:53.000,,,100843,303,307143,,LCI,
L072,LAN,TSS,DTLV,1,,35,DTLV,,,2021-11-16 23:39:53.000,,,100842,349,307143,,LAN,
N350,NDH,TSS,DTLV,1,,42,DTLV,,,2021-11-16 23:39:53.000,,,100841,308,307143,,NDH,
N038,NAN,TSS,DTLV,1,,40,DTLV,,,2021-11-16 23:39:53.000,,,100840,307,307143,,NAN,
VMC,VMC_Tổng Công ty Sản xuất thiết bị Viettel,SXTBCNC,DTLV,1,,2,DTLV,,,2021-12-30 10:52:43.000,,,308522,308521,270,,,
VTTNEWNEW,VTT_TCT Viễn thông Viettel,VT,DTLV,1,,0,DTLV,4,,2021-12-30 10:51:21.000,,,100657,9001,308464,,,
VT,Lĩnh vực Viễn thông,TD,DTLV,1,,1,DTLV,3,,2021-12-30 10:51:21.000,,,100658,308464,,,VT,
VTG,VTG_TCT CP Đầu tư quốc tế Viettel,VT,DTLV,1,,6,DTLV,,,2021-12-30 10:51:21.000,,,100665,256,308464,,VTG,
TVTK,VTK_CT Tư vấn và DV Viettel,VT,DTLV,1,,5,DTLV,,,2021-12-30 10:51:21.000,,,100666,220,308464,,VTK,
VDS,VDS_TCT Dịch vụ số Viettel,GPCNDV,DTLV,1,,1,DTLV,,,2021-12-30 10:50:55.000,,,100669,9000,308467,,,
VTG_NATCOM,"Natcom_CT Natcom, S.A",VTG,DTLV,1,,4,DTLV,,,2021-12-29 12:37:26.000,,,100677,308473,256,,,
VTG_MYTEL,"Mytel_Telecom International Myanmar Co., Ltd",VTG,DTLV,1,,3,DTLV,,,2021-12-29 12:37:26.000,,,100678,308472,256,,,
VTG_TELEMOR,Telemor_CT Viettel Timor Leste,VTG,DTLV,1,,2,DTLV,,,2021-12-29 12:37:26.000,,,100679,308471,256,,,
VTG_UNITEL,Unitel_CT Star Telecom,VTG,DTLV,1,,1,DTLV,,,2021-12-29 12:37:26.000,,,100680,308470,256,,,
VTP,Bitel_CT Viettel Peru,VTG,DTLV,1,,8,DTLV,,,2021-12-30 08:36:16.000,,,100700,250,256,,Bitel,
VBD,Lumitel_CT Viettel Burundi S.A,VTG,DTLV,1,,7,DTLV,,,2021-12-30 08:36:16.000,,,100701,252,256,,,
VTZ,Halotel_CT Viettel Tanzania,VTG,DTLV,1,,6,DTLV,,,2021-12-30 08:36:16.000,,,100702,2102,256,,,
MOV,Movitel_CT Movitel,VTG,DTLV,1,,5,DTLV,,,2021-12-30 08:36:16.000,,,100703,248,256,,,
NAT,"Natcom_CT Natcom, S.A",VTG,DTLV,1,,4,DTLV,,,2021-12-30 08:36:16.000,,,100704,247,256,,,
MYN,"Mytel_Telecom International Myanmar Co., Ltd",VTG,DTLV,1,,3,DTLV,,,2021-12-30 08:36:16.000,,,100705,7985,256,,,
VTL,Telemor_CT Viettel Timor Leste,VTG,DTLV,1,,2,DTLV,,,2021-12-30 08:36:16.000,,,100706,249,256,,,
STL,Unitel_CT Star Telecom,VTG,DTLV,1,,1,DTLV,,,2021-12-30 08:36:16.000,,,100707,246,256,,,
VTC,"Metfone_CT Viettel Cambodia Pte., Ltd",VTG,DTLV,1,,0,DTLV,11,,2021-12-30 08:36:16.000,,,100708,245,256,,,
H004,HNI,TSS,DTLV,1,,1,DTLV,,,2021-11-16 23:19:26.000,,,100825,292,307143,,HNI,
A076,AGG,TSS,DTLV,1,,3,DTLV,,,2021-11-16 23:19:26.000,,,100824,332,307143,,AGG,
V064,VTU,TSS,DTLV,1,,62,DTLV,,,2021-11-16 23:19:26.000,,,100823,378,307143,,VTU,
B240,BGG,TSS,DTLV,1,,6,DTLV,,,2021-11-16 23:26:15.000,,,100828,293,307143,,BGG,
B281,BKN,TSS,DTLV,1,,7,DTLV,,,2021-11-16 23:26:15.000,,,100827,295,307143,,BKN,
B781,BLU,TSS,DTLV,1,,8,DTLV,,,2021-11-16 23:26:15.000,,,100826,344,307143,,BLU,
B241,BNH,TSS,DTLV,1,,9,DTLV,,,2021-11-16 23:50:27.000,,,100837,294,307143,,BNH,
B075,BTE,TSS,DTLV,1,,11,DTLV,,,2021-11-16 23:32:34.000,,,100836,341,307143,,BTE,
B056,BDH,TSS,DTLV,1,,5,DTLV,,,2021-11-16 23:32:34.000,,,100835,322,307143,,BDH,
B650,BDG,TSS,DTLV,1,,4,DTLV,,,2021-11-16 23:32:34.000,,,100834,361,307143,,BDG,
B651,BPC,TSS,DTLV,1,,10,DTLV,,,2021-11-16 23:32:34.000,,,100833,343,307143,,BPC,
B062,BTN,TSS,DTLV,1,,12,DTLV,,,2021-11-16 23:32:34.000,,,100832,323,307143,,BTN,
C780,CMU,TSS,DTLV,1,,14,DTLV,,,2021-11-16 23:32:34.000,,,100831,346,307143,,CMU,
C710,CTO,TSS,DTLV,1,,15,DTLV,,,2021-11-16 23:32:34.000,,,100830,364,307143,,CTO,
C026,CBG,TSS,DTLV,1,,13,DTLV,,,2021-11-16 23:32:34.000,,,100829,296,307143,,CBG,
D511,DNG,TSS,DTLV,1,,19,DTLV,,,2021-11-16 23:39:53.000,,,100864,315,307143,,DNG,
D500,DLK,TSS,DTLV,1,,18,DTLV,,,2021-11-16 23:39:53.000,,,100863,321,307143,,DLK,
D501,DCN,TSS,DTLV,1,,17,DTLV,,,2021-11-16 23:39:53.000,,,100862,330,307143,,DCN,
D230,DBN,TSS,DTLV,1,,16,DTLV,,,2021-11-16 23:39:53.000,,,100861,313,307143,,DBN,
D061,DNI,TSS,DTLV,1,,20,DTLV,,,2021-11-16 23:39:53.000,,,100860,380,307143,,DNI,
D067,DTP,TSS,DTLV,1,,21,DTLV,,,2021-11-16 23:39:53.000,,,100859,381,307143,,DTP,
G059,GLI,TSS,DTLV,1,,22,DTLV,,,2021-11-16 23:39:53.000,,,100858,324,307143,,GLI,
H019,HGG,TSS,DTLV,1,,25,DTLV,,,2021-11-16 23:39:53.000,,,100857,298,307143,,HGG,
N351,HNM,TSS,DTLV,1,,26,DTLV,,,2021-11-16 23:39:53.000,,,100856,309,307143,,HNM,
H039,HTH,TSS,DTLV,1,,28,DTLV,,,2021-11-16 23:39:53.000,,,100855,300,307143,,HTH,
H320,HDG,TSS,DTLV,1,,24,DTLV,,,2021-11-16 23:39:53.000,,,100854,301,307143,,HDG,
H031,HPG,TSS,DTLV,1,,27,DTLV,,,2021-11-16 23:39:53.000,,,100853,299,307143,,HPG,
H711,HUG,TSS,DTLV,1,,30,DTLV,,,2021-11-16 23:39:53.000,,,100852,369,307143,,HUG,
H018,HBH,TSS,DTLV,1,,23,DTLV,,,2021-11-16 23:39:53.000,,,100851,297,307143,,HBH,
H321,HYN,TSS,DTLV,1,,31,DTLV,,,2021-11-16 23:39:53.000,,,100850,302,307143,,HYN,
K058,KHA,TSS,DTLV,1,,33,DTLV,,,2021-11-16 23:39:53.000,,,100849,325,307143,,KHA,
K077,KGG,TSS,DTLV,1,,32,DTLV,,,2021-11-16 23:39:53.000,,,100848,367,307143,,KGG,
B240009,H.Việt Yên,B240,DTLV,1,,7,DTLV,,,,,,101001,980,293,,H.Việt Yên,
B240010,H.Yên Dũng,B240,DTLV,1,,8,DTLV,,,,,,101002,981,293,,H.Yên Dũng,
B240002,H.Yên Thế,B240,DTLV,1,,9,DTLV,,,,,,101003,963,293,,H.Yên Thế,
B281001,TP.Bắc Kạn,B281,DTLV,1,,0,DTLV,,,,,,101004,937,295,,TP.Bắc Kạn,
B281002,H.Ba Bể,B281,DTLV,1,,1,DTLV,,,,,,101005,938,295,,H.Ba Bể,
B281006,H.Bạch Thông,B281,DTLV,1,,2,DTLV,,,,,,101006,942,295,,H.Bạch Thông,
B281004,H.Chợ Đồn,B281,DTLV,1,,3,DTLV,,,,,,101007,940,295,,H.Chợ Đồn,
B281007,H.Chợ Mới,B281,DTLV,1,,4,DTLV,,,,,,101008,943,295,,H.Chợ Mới,
B281005,H.Na Rì,B281,DTLV,1,,5,DTLV,,,,,,101009,941,295,,H.Na Rì,
B281003,H.Ngân Sơn,B281,DTLV,1,,6,DTLV,,,,,,101010,939,295,,H.Ngân Sơn,
B281008,H.Pắc Nặm,B281,DTLV,1,,7,DTLV,,,,,,101011,1066,295,,H.Pắc Nặm,
B781001,TP.Bạc Liêu,B781,DTLV,1,,0,DTLV,,,,,,101012,919,344,,TP.Bạc Liêu,
B781003,H.Đông Hải,B781,DTLV,1,,1,DTLV,,,,,,101013,921,344,,H.Đông Hải,
B781007,H.Hòa Bình,B781,DTLV,1,,2,DTLV,,,,,,101014,426,344,,H.Hòa Bình,
B781006,H.Hồng Dân,B781,DTLV,1,,3,DTLV,,,,,,101015,976,344,,H.Hồng Dân,
B781002,H.Phước Long,B781,DTLV,1,,4,DTLV,,,,,,101016,920,344,,H.Phước Long,
B781004,H.Vĩnh Lợi,B781,DTLV,1,,5,DTLV,,,,,,101017,922,344,,H.Vĩnh Lợi,
B781005,TX.Giá Rai,B781,DTLV,1,,6,DTLV,,,,,,101018,923,344,,TX.Giá Rai,
B241001,TP.Bắc Ninh,B241,DTLV,1,,0,DTLV,,,,,,101019,994,294,,TP.Bắc Ninh,
B241005,TP.Từ Sơn,B241,DTLV,1,,1,DTLV,,,,,,101020,998,294,,TP.Từ Sơn,
B241008,H.Gia Bình,B241,DTLV,1,,2,DTLV,,,,,,101021,1001,294,,H.Gia Bình,
B241007,H.Lương Tài,B241,DTLV,1,,3,DTLV,,,,,,101022,1000,294,,H.Lương Tài,
B241003,H.Quế Võ,B241,DTLV,1,,4,DTLV,,,,,,101023,996,294,,H.Quế Võ,
B241006,H.Thuận Thành,B241,DTLV,1,,5,DTLV,,,,,,101024,999,294,,H.Thuận Thành,
B241004,H.Tiên Du,B241,DTLV,1,,6,DTLV,,,,,,101025,997,294,,H.Tiên Du,
B241002,H.Yên Phong,B241,DTLV,1,,7,DTLV,,,,,,101026,995,294,,H.Yên Phong,
B651001,TP.Đồng Xoài,B651,DTLV,1,,0,DTLV,,,,,,101027,682,343,,TP.Đồng Xoài,
B651005,H.Bù Đăng,B651,DTLV,1,,1,DTLV,,,,,,101028,686,343,,H.Bù Đăng,
B651007,H.Bù Đốp,B651,DTLV,1,,2,DTLV,,,,,,101029,511,343,,H.Bù Đốp,
B651010,H.Bù Gia Mập,B651,DTLV,1,,3,DTLV,,,,,,101030,14250,343,,H.Bù Gia Mập,
B651002,H.Đồng Phú,B651,DTLV,1,,4,DTLV,,,,,,101031,683,343,,H.Đồng Phú,
B651009,H.Hớn Quản,B651,DTLV,1,,5,DTLV,,,,,,101032,14251,343,,H.Hớn Quản,
B651004,H.Lộc Ninh,B651,DTLV,1,,6,DTLV,,,,,,101033,685,343,,H.Lộc Ninh,
B651011,H.Phú Riềng,B651,DTLV,1,,7,DTLV,,,,,,101034,288741,343,,H.Phú Riềng,
B651006,TX.Bình Long,B651,DTLV,1,,8,DTLV,,,,,,101035,687,343,,TX.Bình Long,
B651008,TX.Chơn Thành,B651,DTLV,1,,9,DTLV,,,,,,101036,512,343,,TX.Chơn Thành,
B651003,TX.Phước Long,B651,DTLV,1,,10,DTLV,,,,,,101037,684,343,,TX.Phước Long,
B075001,TP.Bến Tre,B075,DTLV,1,,0,DTLV,,,,,,101038,884,341,,TP.Bến Tre,
B075007,H.Ba Tri,B075,DTLV,1,,1,DTLV,,,,,,101039,890,341,,H.Ba Tri,
B075006,H.Bình Đại,B075,DTLV,1,,2,DTLV,,,,,,101040,889,341,,H.Bình Đại,
B075002,H.Châu Thành,B075,DTLV,1,,3,DTLV,,,,,,101041,885,341,,H.Châu Thành,
B075003,H.Chợ Lách,B075,DTLV,1,,4,DTLV,,,,,,101042,886,341,,H.Chợ Lách,
B075005,H.Giồng Trôm,B075,DTLV,1,,5,DTLV,,,,,,101043,888,341,,H.Giồng Trôm,
B075009,H.Mỏ Cày Bắc,B075,DTLV,1,,6,DTLV,,,,,,101044,14249,341,,H.Mỏ Cày Bắc,
B075004,H.Mỏ Cày Nam,B075,DTLV,1,,7,DTLV,,,,,,101045,887,341,,H.Mỏ Cày Nam,
B075008,H.Thạnh Phú,B075,DTLV,1,,8,DTLV,,,,,,101046,891,341,,H.Thạnh Phú,
B062001,TP.Phan Thiết,B062,DTLV,1,,0,DTLV,,,,,,101047,704,323,,TP.Phan Thiết,
B062003,H.Bắc Bình,B062,DTLV,1,,1,DTLV,,,,,,101048,706,323,,H.Bắc Bình,
B062008,H.Đức Linh,B062,DTLV,1,,2,DTLV,,,,,,101049,711,323,,H.Đức Linh,
B062007,H.Hàm Tân,B062,DTLV,1,,3,DTLV,,,,,,101050,710,323,,H.Hàm Tân,
B062004,H.Hàm Thuận Bắc,B062,DTLV,1,,4,DTLV,,,,,,101051,707,323,,H.Hàm Thuận Bắc,
B062005,H.Hàm Thuận Nam,B062,DTLV,1,,5,DTLV,,,,,,101052,708,323,,H.Hàm Thuận Nam,
B062009,H.Phú Quý,B062,DTLV,1,,6,DTLV,,,,,,101053,712,323,,H.Phú Quý,
B062006,H.Tánh Linh,B062,DTLV,1,,7,DTLV,,,,,,101054,709,323,,H.Tánh Linh,
B062002,H.Tuy Phong,B062,DTLV,1,,8,DTLV,,,,,,101055,705,323,,H.Tuy Phong,
B062010,TX.La Gi,B062,DTLV,1,,9,DTLV,,,,,,101056,441,323,,TX.La Gi,
C026001,TP.Cao Bằng,C026,DTLV,1,,0,DTLV,,,,,,101057,789,296,,TP.Cao Bằng,
C026002,H.Bảo Lạc,C026,DTLV,1,,1,DTLV,,,,,,101058,790,296,,H.Bảo Lạc,
C026003,H.Bảo Lâm,C026,DTLV,1,,2,DTLV,,,,,,101059,791,296,,H.Bảo Lâm,
C026011,H.Hạ Lang,C026,DTLV,1,,3,DTLV,,,,,,101060,799,296,,H.Hạ Lang,
C026004,H.Hà Quảng,C026,DTLV,1,,4,DTLV,,,,,,101061,792,296,,H.Hà Quảng,
C026009,H.Hòa An,C026,DTLV,1,,5,DTLV,,,,,,101062,797,296,,H.Hòa An,
C026008,H.Nguyên Bình,C026,DTLV,1,,6,DTLV,,,,,,101063,796,296,,H.Nguyên Bình,
C026010,H.Quảng Hoà,C026,DTLV,1,,7,DTLV,,,,,,101064,798,296,,H.Quảng Hoà,
C026012,H.Thạch An,C026,DTLV,1,,8,DTLV,,,,,,101065,800,296,,H.Thạch An,
C026007,H.Trùng Khánh,C026,DTLV,1,,9,DTLV,,,,,,101066,795,296,,H.Trùng Khánh,
C780001,TP.Cà Mau,C780,DTLV,1,,0,DTLV,,,,,,101067,969,346,,TP.Cà Mau,
C780005,H.Cái Nước,C780,DTLV,1,,1,DTLV,,,,,,101068,973,346,,H.Cái Nước,
C780006,H.Đầm Dơi,C780,DTLV,1,,2,DTLV,,,,,,101069,974,346,,H.Đầm Dơi,
C780008,H.Năm Căn,C780,DTLV,1,,3,DTLV,,,,,,101070,1081,346,,H.Năm Căn,
C780007,H.Ngọc Hiển,C780,DTLV,1,,4,DTLV,,,,,,101071,975,346,,H.Ngọc Hiển,
C780009,H.Phú Tân,C780,DTLV,1,,5,DTLV,,,,,,101072,425,346,,H.Phú Tân,
C780002,H.Thới Bình,C780,DTLV,1,,6,DTLV,,,,,,101073,970,346,,H.Thới Bình,
C780004,H.Trần Văn Thời,C780,DTLV,1,,7,DTLV,,,,,,101074,972,346,,H.Trần Văn Thời,
C780003,H.U Minh,C780,DTLV,1,,8,DTLV,,,,,,101075,971,346,,H.U Minh,
C710002,Q.Bình Thủy,C710,DTLV,1,,0,DTLV,,,,,,101076,872,364,,Q.Bình Thủy,
C710003,Q.Cái Răng,C710,DTLV,1,,1,DTLV,,,,,,101077,873,364,,Q.Cái Răng,
C710001,Q.Ninh Kiều,C710,DTLV,1,,2,DTLV,,,,,,101078,871,364,,Q.Ninh Kiều,
C710004,Q.Ô Môn,C710,DTLV,1,,3,DTLV,,,,,,101079,874,364,,Q.Ô Môn,
C710006,H.Cờ Đỏ,C710,DTLV,1,,4,DTLV,,,,,,101080,876,364,,H.Cờ Đỏ,
C710005,H.Phong Điền,C710,DTLV,1,,5,DTLV,,,,,,101081,875,364,,H.Phong Điền,
C710010,H.Thới Lai,C710,DTLV,1,,6,DTLV,,,,,,101082,393,364,,H.Thới Lai,
C710007,H.Thốt Nốt,C710,DTLV,1,,7,DTLV,,,,,,101083,877,364,,H.Thốt Nốt,
C710008,H.Vĩnh Thạnh,C710,DTLV,1,,8,DTLV,,,,,,101084,977,364,,H.Vĩnh Thạnh,
D230001,TP.Điện Biên Phủ,D230,DTLV,1,,0,DTLV,,,,,,101085,1022,313,,TP.Điện Biên Phủ,
D230003,H.Điện Biên,D230,DTLV,1,,1,DTLV,,,,,,101086,1023,313,,H.Điện Biên,
D230004,H.Điện Biên Đông,D230,DTLV,1,,2,DTLV,,,,,,101087,1024,313,,H.Điện Biên Đông,
D230009,H.Mường ảng,D230,DTLV,1,,3,DTLV,,,,,,101088,392,313,,H.Mường ảng,
D230006,H.Mường Chà,D230,DTLV,1,,4,DTLV,,,,,,101089,1026,313,,H.Mường Chà,
D230005,H.Mường Nhé,D230,DTLV,1,,5,DTLV,,,,,,101090,1025,313,,H.Mường Nhé,
D230010,H.Nậm Pồ,D230,DTLV,1,,6,DTLV,,,,,,101091,15581,313,,H.Nậm Pồ,
D230007,H.Tủa Chùa,D230,DTLV,1,,7,DTLV,,,,,,101092,1027,313,,H.Tủa Chùa,
D230008,H.Tuần Giáo,D230,DTLV,1,,8,DTLV,,,,,,101093,1028,313,,H.Tuần Giáo,
D230002,TX.Mường Lay,D230,DTLV,1,,9,DTLV,,,,,,101094,434,313,,TX.Mường Lay,
D501006,TP.Gia Nghĩa,D501,DTLV,1,,0,DTLV,,,,,,101095,1078,330,,TP.Gia Nghĩa,
D501004,H.Cư Jút,D501,DTLV,1,,1,DTLV,,,,,,101096,636,330,,H.Cư Jút,
D501007,H.Đắk Glong,D501,DTLV,1,,2,DTLV,,,,,,101097,435,330,,H.Đắk Glong,
D501002,H.Đắk Mil,D501,DTLV,1,,3,DTLV,,,,,,101098,634,330,,H.Đắk Mil,
D501001,H.Đắk Nông,D501,DTLV,1,,4,DTLV,,,,,,101099,633,330,,H.Đắk Nông,
D501003,H.Đắk RLấp,D501,DTLV,1,,5,DTLV,,,,,,101100,635,330,,H.Đắk RLấp,
D501005,H.Đắk Song,D501,DTLV,1,,6,DTLV,,,,,,101101,637,330,,H.Đắk Song,
D501008,H.Krông Nô,D501,DTLV,1,,7,DTLV,,,,,,101102,417,330,,H.Krông Nô,
D501009,H.Tuy Đức,D501,DTLV,1,,8,DTLV,,,,,,101103,427,330,,H.Tuy Đức,
D500001,TP.Buôn Ma Thuột,D500,DTLV,1,,0,DTLV,,,,,,101104,620,321,,TP.Buôn Ma Thuột,
D500006,H.Buôn Đôn,D500,DTLV,1,,1,DTLV,,,,,,101105,625,321,,H.Buôn Đôn,
D500014,H.Cư Kuin,D500,DTLV,1,,2,DTLV,,,,,,101106,978,321,,H.Cư Kuin,
D500007,H.Cư Mgar,D500,DTLV,1,,3,DTLV,,,,,,101107,626,321,,H.Cư Mgar,
D500002,H.Ea Hleo,D500,DTLV,1,,4,DTLV,,,,,,101108,621,321,,H.Ea Hleo,
D500008,H.Ea Kar,D500,DTLV,1,,5,DTLV,,,,,,101109,627,321,,H.Ea Kar,
D500003,H.Ea Súp,D500,DTLV,1,,6,DTLV,,,,,,101110,622,321,,H.Ea Súp,
D500011,H.Krông A Na,D500,DTLV,1,,7,DTLV,,,,,,101111,630,321,,H.Krông A Na,
D500012,H.Krông Bông,D500,DTLV,1,,8,DTLV,,,,,,101112,631,321,,H.Krông Bông,
D500005,H.Krông Búk,D500,DTLV,1,,9,DTLV,,,,,,101113,624,321,,H.Krông Búk,
D500004,H.Krông Năng,D500,DTLV,1,,10,DTLV,,,,,,101114,623,321,,H.Krông Năng,
D500010,H.Krông Pắk,D500,DTLV,1,,11,DTLV,,,,,,101115,629,321,,H.Krông Pắk,
D500013,H.Lắk,D500,DTLV,1,,12,DTLV,,,,,,101116,632,321,,H.Lắk,
D500009,H.MĐrăk,D500,DTLV,1,,13,DTLV,,,,,,101117,628,321,,H.MĐrăk,
D500015,TX.Buôn Hồ,D500,DTLV,1,,14,DTLV,,,,,,101118,14247,321,,TX.Buôn Hồ,
D511007,Q.Cẩm Lệ,D511,DTLV,1,,0,DTLV,,,,,,101119,424,315,,Q.Cẩm Lệ,
D511003,Q.Hải Châu,D511,DTLV,1,,1,DTLV,,,,,,101120,1095,315,,Q.Hải Châu,
D511005,Q.Liên Chiểu,D511,DTLV,1,,2,DTLV,,,,,,101121,1097,315,,Q.Liên Chiểu,
D511001,Q.Ngũ Hành Sơn,D511,DTLV,1,,3,DTLV,,,,,,101122,1093,315,,Q.Ngũ Hành Sơn,
D511002,Q.Sơn Trà,D511,DTLV,1,,4,DTLV,,,,,,101123,1094,315,,Q.Sơn Trà,
D511004,Q.Thanh Khê,D511,DTLV,1,,5,DTLV,,,,,,101124,1096,315,,Q.Thanh Khê,
D511006,H.Hòa Vang,D511,DTLV,1,,6,DTLV,,,,,,101125,1098,315,,H.Hòa Vang,
D061001,TP.Biên Hòa,D061,DTLV,1,,0,DTLV,,,,,,101126,695,380,,TP.Biên Hòa,
D061002,H.Cẩm Mỹ,D061,DTLV,1,,1,DTLV,,,,,,101127,696,380,,H.Cẩm Mỹ,
D061003,H.Định Quán,D061,DTLV,1,,2,DTLV,,,,,,101128,697,380,,H.Định Quán,
D061011,H.TP.Long Khánh,D061,DTLV,1,,3,DTLV,,,,,,101129,1059,380,,H.TP.Long Khánh,
D061004,H.Long Thành,D061,DTLV,1,,4,DTLV,,,,,,101130,698,380,,H.Long Thành,
D061005,H.Nhơn Trạch,D061,DTLV,1,,5,DTLV,,,,,,101131,699,380,,H.Nhơn Trạch,
D061008,H.Tân Phú,D061,DTLV,1,,6,DTLV,,,,,,101132,702,380,,H.Tân Phú,
D061007,H.Thống Nhất,D061,DTLV,1,,7,DTLV,,,,,,101133,701,380,,H.Thống Nhất,
D061006,H.Trảng Bom,D061,DTLV,1,,8,DTLV,,,,,,101134,700,380,,H.Trảng Bom,
D061009,H.Vĩnh Cửu,D061,DTLV,1,,9,DTLV,,,,,,101135,703,380,,H.Vĩnh Cửu,
D061010,H.Xuân Lộc,D061,DTLV,1,,10,DTLV,,,,,,101136,1055,380,,H.Xuân Lộc,
D067001,TP.Cao Lãnh,D067,DTLV,1,,0,DTLV,,,,,,101137,713,381,,TP.Cao Lãnh,
D067002,TP.Sa Đéc,D067,DTLV,1,,1,DTLV,,,,,,101138,714,381,,TP.Sa Đéc,
D067008,H.Cao Lãnh,D067,DTLV,1,,2,DTLV,,,,,,101139,1076,381,,H.Cao Lãnh,
D067011,H.Châu Thành,D067,DTLV,1,,3,DTLV,,,,,,101140,722,381,,H.Châu Thành,
D067004,H.Hồng Ngự,D067,DTLV,1,,4,DTLV,,,,,,101141,716,381,,H.Hồng Ngự,
D067010,H.Lai Vung,D067,DTLV,1,,5,DTLV,,,,,,101142,721,381,,H.Lai Vung,
D067009,H.Lấp Vò,D067,DTLV,1,,6,DTLV,,,,,,101143,720,381,,H.Lấp Vò,
D067005,H.Tam Nông,D067,DTLV,1,,7,DTLV,,,,,,101144,717,381,,H.Tam Nông,
D067003,H.Tân Hồng,D067,DTLV,1,,8,DTLV,,,,,,101145,715,381,,H.Tân Hồng,
D067006,H.Thanh Bình,D067,DTLV,1,,9,DTLV,,,,,,101146,718,381,,H.Thanh Bình,
D067007,H.Tháp Mười,D067,DTLV,1,,10,DTLV,,,,,,101147,719,381,,H.Tháp Mười,
D067012,TX.Hồng Ngự,D067,DTLV,1,,11,DTLV,,,,,,101148,14134,381,,TX.Hồng Ngự,
G059001,TP.Pleiku,G059,DTLV,1,,0,DTLV,,,,,,101149,607,324,,TP.Pleiku,
G059005,H.Chư Păh,G059,DTLV,1,,1,DTLV,,,,,,101150,611,324,,H.Chư Păh,
G059010,H.Chư Prông,G059,DTLV,1,,2,DTLV,,,,,,101151,616,324,,H.Chư Prông,
G059017,H.Chư Pưh,G059,DTLV,1,,3,DTLV,,,,,,101152,14123,324,,H.Chư Pưh,
G059011,H.Chư Sê,G059,DTLV,1,,4,DTLV,,,,,,101153,617,324,,H.Chư Sê,
G059014,H.Đắc Pơ,G059,DTLV,1,,5,DTLV,,,,,,101154,831,324,,H.Đắc Pơ,
G059003,H.Đăk Đoa,G059,DTLV,1,,6,DTLV,,,,,,101155,609,324,,H.Đăk Đoa,
G059009,H.Đức Cơ,G059,DTLV,1,,7,DTLV,,,,,,101156,615,324,,H.Đức Cơ,
G059006,H.Ia Grai,G059,DTLV,1,,8,DTLV,,,,,,101157,612,324,,H.Ia Grai,
G059015,H.Ia Pa,G059,DTLV,1,,9,DTLV,,,,,,101158,832,324,,H.Ia Pa,
G059002,H.Kbang,G059,DTLV,1,,10,DTLV,,,,,,101159,608,324,,H.Kbang,
G059008,H.Kông Chro,G059,DTLV,1,,11,DTLV,,,,,,101160,614,324,,H.Kông Chro,
G059013,H.Krông Pa,G059,DTLV,1,,12,DTLV,,,,,,101161,619,324,,H.Krông Pa,
G059004,H.Mang Yang,G059,DTLV,1,,13,DTLV,,,,,,101162,610,324,,H.Mang Yang,
G059016,H.Phú Thiện,G059,DTLV,1,,14,DTLV,,,,,,101163,429,324,,H.Phú Thiện,
G059007,TX.An Khê,G059,DTLV,1,,15,DTLV,,,,,,101164,613,324,,TX.An Khê,
G059012,TX.Ayun Pa,G059,DTLV,1,,16,DTLV,,,,,,101165,618,324,,TX.Ayun Pa,
H018001,TP.Hòa Bình,H018,DTLV,1,,0,DTLV,,,,,,101166,463,297,,TP.Hòa Bình,
H018011,H.Cao Phong,H018,DTLV,1,,1,DTLV,,,,,,101167,1080,297,,H.Cao Phong,
H018002,H.Đà Bắc,H018,DTLV,1,,2,DTLV,,,,,,101168,464,297,,H.Đà Bắc,
H018006,H.Kim Bôi,H018,DTLV,1,,3,DTLV,,,,,,101169,468,297,,H.Kim Bôi,
H018004,H.Kỳ Sơn,H018,DTLV,1,,4,DTLV,,,,,,101170,466,297,,H.Kỳ Sơn,
H018008,H.Lạc Sơn,H018,DTLV,1,,5,DTLV,,,,,,101171,470,297,,H.Lạc Sơn,
H018009,H.Lạc Thủy,H018,DTLV,1,,6,DTLV,,,,,,101172,471,297,,H.Lạc Thủy,
H018005,H.Lương Sơn,H018,DTLV,1,,7,DTLV,,,,,,101173,467,297,,H.Lương Sơn,
H018003,H.Mai Châu,H018,DTLV,1,,8,DTLV,,,,,,101174,465,297,,H.Mai Châu,
H018007,H.Tân Lạc,H018,DTLV,1,,9,DTLV,,,,,,101175,469,297,,H.Tân Lạc,
H018010,H.Yên Thủy,H018,DTLV,1,,10,DTLV,,,,,,101176,472,297,,H.Yên Thủy,
H320001,TP.Hải Dương,H320,DTLV,1,,0,DTLV,,,,,,101177,677,301,,TP.Hải Dương,
H320010,H.Bình Giang,H320,DTLV,1,,1,DTLV,,,,,,101178,735,301,,H.Bình Giang,
H320009,H.Cẩm Giàng,H320,DTLV,1,,2,DTLV,,,,,,101179,734,301,,H.Cẩm Giàng,
H320007,H.Gia Lộc,H320,DTLV,1,,3,DTLV,,,,,,101180,732,301,,H.Gia Lộc,
H320006,H.Kim Thành,H320,DTLV,1,,4,DTLV,,,,,,101181,731,301,,H.Kim Thành,
H320005,H.Kinh Môn,H320,DTLV,1,,5,DTLV,,,,,,101182,681,301,,H.Kinh Môn,
H320003,H.Nam Sách,H320,DTLV,1,,6,DTLV,,,,,,101183,679,301,,H.Nam Sách,
H320012,H.Ninh Giang,H320,DTLV,1,,7,DTLV,,,,,,101184,737,301,,H.Ninh Giang,
H320004,H.Thanh Hà,H320,DTLV,1,,8,DTLV,,,,,,101185,680,301,,H.Thanh Hà,
H320011,H.Thanh Miện,H320,DTLV,1,,9,DTLV,,,,,,101186,736,301,,H.Thanh Miện,
H320008,H.Tứ Kỳ,H320,DTLV,1,,10,DTLV,,,,,,101187,733,301,,H.Tứ Kỳ,
H320002,TX.Chí Linh,H320,DTLV,1,,11,DTLV,,,,,,101188,678,301,,TX.Chí Linh,
H019001,TP.Hà Giang,H019,DTLV,1,,0,DTLV,,,,,,101189,779,298,,TP.Hà Giang,
H019006,H.Bắc Mê,H019,DTLV,1,,1,DTLV,,,,,,101190,784,298,,H.Bắc Mê,
H019010,H.Bắc Quang,H019,DTLV,1,,2,DTLV,,,,,,101191,788,298,,H.Bắc Quang,
H019002,H.Đồng Văn,H019,DTLV,1,,3,DTLV,,,,,,101192,780,298,,H.Đồng Văn,
H019007,H.Hoàng Su Phì,H019,DTLV,1,,4,DTLV,,,,,,101193,785,298,,H.Hoàng Su Phì,
H019003,H.Mèo Vạc,H019,DTLV,1,,5,DTLV,,,,,,101194,781,298,,H.Mèo Vạc,
H019005,H.Quản Bạ,H019,DTLV,1,,6,DTLV,,,,,,101195,783,298,,H.Quản Bạ,
H019011,H.Quang Bình,H019,DTLV,1,,7,DTLV,,,,,,101196,1075,298,,H.Quang Bình,
H019008,H.Vị Xuyên,H019,DTLV,1,,8,DTLV,,,,,,101197,786,298,,H.Vị Xuyên,
H019009,H.Xín Mần,H019,DTLV,1,,9,DTLV,,,,,,101198,787,298,,H.Xín Mần,
H019004,H.Yên Minh,H019,DTLV,1,,10,DTLV,,,,,,101199,782,298,,H.Yên Minh,
N351001,TP.Phủ Lý,N351,DTLV,1,,0,DTLV,,,,,,101200,755,309,,TP.Phủ Lý,
N351006,H.Bình Lục,N351,DTLV,1,,1,DTLV,,,,,,101201,760,309,,H.Bình Lục,
N351002,H.Duy Tiên,N351,DTLV,1,,2,DTLV,,,,,,101202,756,309,,H.Duy Tiên,
N351003,H.Kim Bảng,N351,DTLV,1,,3,DTLV,,,,,,101203,757,309,,H.Kim Bảng,
N351004,H.Lý Nhân,N351,DTLV,1,,4,DTLV,,,,,,101204,758,309,,H.Lý Nhân,
N351005,H.Thanh Liêm,N351,DTLV,1,,5,DTLV,,,,,,101205,759,309,,H.Thanh Liêm,
H031006,Q.Đồ Sơn,H031,DTLV,1,,0,DTLV,,,,,,101206,668,299,,Q.Đồ Sơn,
H031016,Q.Dương Kinh,H031,DTLV,1,,1,DTLV,,,,,,101207,442,299,,Q.Dương Kinh,
H031005,Q.Hải An,H031,DTLV,1,,2,DTLV,,,,,,101208,667,299,,Q.Hải An,
H031001,Q.Hồng Bàng,H031,DTLV,1,,3,DTLV,,,,,,101209,663,299,,Q.Hồng Bàng,
H031004,Q.Kiến An,H031,DTLV,1,,4,DTLV,,,,,,101210,666,299,,Q.Kiến An,
H031003,Q.Lê Chân,H031,DTLV,1,,5,DTLV,,,,,,101211,665,299,,Q.Lê Chân,
H031002,Q.Ngô Quyền,H031,DTLV,1,,6,DTLV,,,,,,101212,664,299,,Q.Ngô Quyền,
H031008,H.An Dương,H031,DTLV,1,,7,DTLV,,,,,,101213,670,299,,H.An Dương,
H031009,H.An Lão,H031,DTLV,1,,8,DTLV,,,,,,101214,671,299,,H.An Lão,
H031014,H.Bạch Long Vĩ,H031,DTLV,1,,9,DTLV,,,,,,101215,676,299,,H.Bạch Long Vĩ,
H031013,H.Cát Hải,H031,DTLV,1,,10,DTLV,,,,,,101216,675,299,,H.Cát Hải,
H031010,H.Kiến Thụy,H031,DTLV,1,,11,DTLV,,,,,,101217,672,299,,H.Kiến Thụy,
H031007,H.Thủy Nguyên,H031,DTLV,1,,12,DTLV,,,,,,101218,669,299,,H.Thủy Nguyên,
H031011,H.Tiên Lãng,H031,DTLV,1,,13,DTLV,,,,,,101219,673,299,,H.Tiên Lãng,
H031012,H.Vĩnh Bảo,H031,DTLV,1,,14,DTLV,,,,,,101220,674,299,,H.Vĩnh Bảo,
H039001,TP.Hà Tĩnh,H039,DTLV,1,,0,DTLV,,,,,,101221,501,300,,TP.Hà Tĩnh,
H039009,H.Cẩm Xuyên,H039,DTLV,1,,1,DTLV,,,,,,101222,514,300,,H.Cẩm Xuyên,
H039007,H.Can Lộc,H039,DTLV,1,,2,DTLV,,,,,,101223,507,300,,H.Can Lộc,
H039004,H.Đức Thọ,H039,DTLV,1,,3,DTLV,,,,,,101224,504,300,,H.Đức Thọ,
H039010,H.Hương Khê,H039,DTLV,1,,4,DTLV,,,,,,101225,515,300,,H.Hương Khê,
H039005,H.Hương Sơn,H039,DTLV,1,,5,DTLV,,,,,,101226,505,300,,H.Hương Sơn,
H039011,H.Kỳ Anh,H039,DTLV,1,,6,DTLV,,,,,,101227,516,300,,H.Kỳ Anh,
H039012,H.Lộc Hà,H039,DTLV,1,,7,DTLV,,,,,,101228,402,300,,H.Lộc Hà,
H039003,H.Nghi Xuân,H039,DTLV,1,,8,DTLV,,,,,,101229,503,300,,H.Nghi Xuân,
H039008,H.Thạch Hà,H039,DTLV,1,,9,DTLV,,,,,,101230,508,300,,H.Thạch Hà,
H039006,H.Vũ Quang,H039,DTLV,1,,10,DTLV,,,,,,101231,506,300,,H.Vũ Quang,
H039002,TX.Hồng Lĩnh,H039,DTLV,1,,11,DTLV,,,,,,101232,502,300,,TX.Hồng Lĩnh,
H039013,TX.Kỳ Anh,H039,DTLV,1,,12,DTLV,,,,,,101233,287741,300,,TX.Kỳ Anh,
T054001,TP.Huế,T054,DTLV,1,,0,DTLV,,,,,,101234,517,320,,TP.Huế,
T054008,H.A Lưới,T054,DTLV,1,,1,DTLV,,,,,,101235,524,320,,H.A Lưới,
T054009,H.Nam Đông,T054,DTLV,1,,2,DTLV,,,,,,101236,525,320,,H.Nam Đông,
T054002,H.Phong Điền,T054,DTLV,1,,3,DTLV,,,,,,101237,518,320,,H.Phong Điền,
T054007,H.Phú Lộc,T054,DTLV,1,,4,DTLV,,,,,,101238,523,320,,H.Phú Lộc,
T054005,H.Phú Vang,T054,DTLV,1,,5,DTLV,,,,,,101239,521,320,,H.Phú Vang,
T054003,H.Quảng Điền,T054,DTLV,1,,6,DTLV,,,,,,101240,519,320,,H.Quảng Điền,
T054006,TX.Hương Thủy,T054,DTLV,1,,7,DTLV,,,,,,101241,522,320,,TX.Hương Thủy,
T054004,TX.Hương Trà,T054,DTLV,1,,8,DTLV,,,,,,101242,520,320,,TX.Hương Trà,
H711008,TP.Ngã Bảy,H711,DTLV,1,,0,DTLV,,,,,,101243,440,369,,TP.Ngã Bảy,
H711001,TP.Vị Thanh,H711,DTLV,1,,1,DTLV,,,,,,101244,878,369,,TP.Vị Thanh,
H711003,H.Châu Thành,H711,DTLV,1,,2,DTLV,,,,,,101245,880,369,,H.Châu Thành,
H711002,H.Châu Thành A,H711,DTLV,1,,3,DTLV,,,,,,101246,879,369,,H.Châu Thành A,
H711006,H.Long Mỹ,H711,DTLV,1,,4,DTLV,,,,,,101247,883,369,,H.Long Mỹ,
H711004,H.Phụng Hiệp,H711,DTLV,1,,5,DTLV,,,,,,101248,881,369,,H.Phụng Hiệp,
H711005,H.Vị Thủy,H711,DTLV,1,,6,DTLV,,,,,,101249,882,369,,H.Vị Thủy,
H711009,TX.Long Mỹ,H711,DTLV,1,,7,DTLV,,,,,,101250,288206,369,,TX.Long Mỹ,
H321001,TP.Hưng Yên,H321,DTLV,1,,0,DTLV,,,,,,101251,738,302,,TP.Hưng Yên,
H321007,H.Ân Thi,H321,DTLV,1,,1,DTLV,,,,,,101252,1083,302,,H.Ân Thi,
H321006,H.Khoái Châu,H321,DTLV,1,,2,DTLV,,,,,,101253,743,302,,H.Khoái Châu,
H321008,H.Kim Động,H321,DTLV,1,,3,DTLV,,,,,,101254,744,302,,H.Kim Động,
H321003,H.Mỹ Hào,H321,DTLV,1,,4,DTLV,,,,,,101255,740,302,,H.Mỹ Hào,
H321009,H.Phù Cừ,H321,DTLV,1,,5,DTLV,,,,,,101256,745,302,,H.Phù Cừ,
H321010,H.Tiên Lữ,H321,DTLV,1,,6,DTLV,,,,,,101257,746,302,,H.Tiên Lữ,
H321005,H.Văn Giang,H321,DTLV,1,,7,DTLV,,,,,,101258,742,302,,H.Văn Giang,
H321002,H.Văn Lâm,H321,DTLV,1,,8,DTLV,,,,,,101259,739,302,,H.Văn Lâm,
H321004,H.Yên Mỹ,H321,DTLV,1,,9,DTLV,,,,,,101260,741,302,,H.Yên Mỹ,
K077001,TP.Rạch Giá,K077,DTLV,1,,0,DTLV,,,,,,101261,899,367,,TP.Rạch Giá,
K077009,H.An Biên,K077,DTLV,1,,1,DTLV,,,,,,101262,907,367,,H.An Biên,
K077010,H.An Minh,K077,DTLV,1,,2,DTLV,,,,,,101263,908,367,,H.An Minh,
K077006,H.Châu Thành,K077,DTLV,1,,3,DTLV,,,,,,101264,904,367,,H.Châu Thành,
K077015,H.Giang Thành,K077,DTLV,1,,4,DTLV,,,,,,101265,14252,367,,H.Giang Thành,
K077007,H.Giồng Riềng,K077,DTLV,1,,5,DTLV,,,,,,101266,905,367,,H.Giồng Riềng,
K077008,H.Gò Quao,K077,DTLV,1,,6,DTLV,,,,,,101267,906,367,,H.Gò Quao,
H004003,Q.Ba Đình,H004,DTLV,1,,0,DTLV,,,,,,100909,728,292,,Q.Ba Đình,
H004032,Q.Bắc Từ Liêm,H004,DTLV,1,,1,DTLV,,,,,,100910,15621,292,,Q.Bắc Từ Liêm,
H004007,Q.Cầu Giấy,H004,DTLV,1,,2,DTLV,,,,,,100911,1068,292,,Q.Cầu Giấy,
H004004,Q.Đống Đa,H004,DTLV,1,,3,DTLV,,,,,,100912,729,292,,Q.Đống Đa,
H004015,Q.Hà Đông,H004,DTLV,1,,4,DTLV,,,,,,100913,397,292,,Q.Hà Đông,
H004001,Q.Hai Bà Trưng,H004,DTLV,1,,5,DTLV,,,,,,100914,726,292,,Q.Hai Bà Trưng,
H004002,Q.Hoàn Kiếm,H004,DTLV,1,,6,DTLV,,,,,,100915,727,292,,Q.Hoàn Kiếm,
H004014,Q.Hoàng Mai,H004,DTLV,1,,7,DTLV,,,,,,100916,1072,292,,Q.Hoàng Mai,
H004013,Q.Long Biên,H004,DTLV,1,,8,DTLV,,,,,,100917,1074,292,,Q.Long Biên,
H004031,Q.Nam Từ Liêm,H004,DTLV,1,,9,DTLV,,,,,,100918,15601,292,,Q.Nam Từ Liêm,
H004006,Q.Tây Hồ,H004,DTLV,1,,10,DTLV,,,,,,100919,1067,292,,Q.Tây Hồ,
H004005,Q.Thanh Xuân,H004,DTLV,1,,11,DTLV,,,,,,100920,730,292,,Q.Thanh Xuân,
H004017,H.Ba Vì,H004,DTLV,1,,12,DTLV,,,,,,100921,398,292,,H.Ba Vì,
H004023,H.Chương Mỹ,H004,DTLV,1,,13,DTLV,,,,,,100922,411,292,,H.Chương Mỹ,
H004019,H.Đan Phượng,H004,DTLV,1,,14,DTLV,,,,,,100923,413,292,,H.Đan Phượng,
H004011,H.Đông Anh,H004,DTLV,1,,15,DTLV,,,,,,100924,1092,292,,H.Đông Anh,
H004008,H.Gia Lâm,H004,DTLV,1,,17,DTLV,,,,,,100925,1069,292,,H.Gia Lâm,
H004021,H.Hoài Đức,H004,DTLV,1,,18,DTLV,,,,,,100926,404,292,,H.Hoài Đức,
H004030,H.Mê Linh,H004,DTLV,1,,19,DTLV,,,,,,100927,412,292,,H.Mê Linh,
H004026,H.Mỹ Đức,H004,DTLV,1,,20,DTLV,,,,,,100928,405,292,,H.Mỹ Đức,
H004028,H.Phú Xuyên,H004,DTLV,1,,21,DTLV,,,,,,100929,410,292,,H.Phú Xuyên,
H004018,H.Phúc Thọ,H004,DTLV,1,,22,DTLV,,,,,,100930,403,292,,H.Phúc Thọ,
H004022,H.Quốc Oai,H004,DTLV,1,,23,DTLV,,,,,,100931,400,292,,H.Quốc Oai,
H004010,H.Sóc Sơn,H004,DTLV,1,,24,DTLV,,,,,,100932,1071,292,,H.Sóc Sơn,
H004020,H.Thạch Thất,H004,DTLV,1,,25,DTLV,,,,,,100933,399,292,,H.Thạch Thất,
H004024,H.Thanh Oai,H004,DTLV,1,,26,DTLV,,,,,,100934,408,292,,H.Thanh Oai,
H004009,H.Thanh Trì,H004,DTLV,1,,27,DTLV,,,,,,100935,1070,292,,H.Thanh Trì,
H004025,H.Thường Tín,H004,DTLV,1,,28,DTLV,,,,,,100936,409,292,,H.Thường Tín,
H004027,H.Ứng Hòa,H004,DTLV,1,,29,DTLV,,,,,,100937,406,292,,H.Ứng Hòa,
H004016,TX.Sơn Tây,H004,DTLV,1,,30,DTLV,,,,,,100938,407,292,,TX.Sơn Tây,
T00801,Q.1,T008,DTLV,1,,0,DTLV,,,,,,100939,815,366,,Q.1,
T00802,Q.2,T008,DTLV,1,,1,DTLV,,,,,,100940,817,366,,Q.2,
T00803,Q.3,T008,DTLV,1,,2,DTLV,,,,,,100941,818,366,,Q.3,
T00804,Q.4,T008,DTLV,1,,3,DTLV,,,,,,100942,819,366,,Q.4,
T00805,Q.5,T008,DTLV,1,,4,DTLV,,,,,,100943,820,366,,Q.5,
T00806,Q.6,T008,DTLV,1,,5,DTLV,,,,,,100944,821,366,,Q.6,
T00807,Q.7,T008,DTLV,1,,6,DTLV,,,,,,100945,822,366,,Q.7,
T00808,Q.8,T008,DTLV,1,,7,DTLV,,,,,,100946,823,366,,Q.8,
T00809,Q.9,T008,DTLV,1,,8,DTLV,,,,,,100947,824,366,,Q.9,
T00810,Q.10,T008,DTLV,1,,9,DTLV,,,,,,100948,1056,366,,Q.10,
T00811,Q.11,T008,DTLV,1,,10,DTLV,,,,,,100949,1057,366,,Q.11,
T00812,Q.12,T008,DTLV,1,,11,DTLV,,,,,,100950,1058,366,,Q.12,
T008BI,Q.Bình Tân,T008,DTLV,1,,12,DTLV,,,,,,100951,583,366,,Q.Bình Tân,
T008BT,Q.Bình Thạnh,T008,DTLV,1,,13,DTLV,,,,,,100952,577,366,,Q.Bình Thạnh,
T008GV,Q.Gò Vấp,T008,DTLV,1,,14,DTLV,,,,,,100953,580,366,,Q.Gò Vấp,
T008PN,Q.Phú Nhuận,T008,DTLV,1,,15,DTLV,,,,,,100954,1063,366,,Q.Phú Nhuận,
T008TB,Q.Tân Bình,T008,DTLV,1,,16,DTLV,,,,,,100955,1064,366,,Q.Tân Bình,
T008TP,Q.Tân Phú,T008,DTLV,1,,17,DTLV,,,,,,100956,584,366,,Q.Tân Phú,
T008TD,Q.Thủ Đức,T008,DTLV,1,,18,DTLV,,,,,,100957,1065,366,,Q.Thủ Đức,
T008BC,H.Bình Chánh,T008,DTLV,1,,19,DTLV,,,,,,100958,576,366,,H.Bình Chánh,
T008CG,H.Cần Giờ,T008,DTLV,1,,20,DTLV,,,,,,100959,579,366,,H.Cần Giờ,
T008CC,H.Củ Chi,T008,DTLV,1,,21,DTLV,,,,,,100960,578,366,,H.Củ Chi,
T008HM,H.Hóc Môn,T008,DTLV,1,,22,DTLV,,,,,,100961,581,366,,H.Hóc Môn,
T008NB,H.Nhà Bè,T008,DTLV,1,,23,DTLV,,,,,,100962,1062,366,,H.Nhà Bè,
A076002,TP.Châu Đốc,A076,DTLV,1,,0,DTLV,,,,,,100963,829,332,,TP.Châu Đốc,
A076001,TP.Long Xuyên,A076,DTLV,1,,1,DTLV,,,,,,100964,828,332,,TP.Long Xuyên,
A076003,H.An Phú,A076,DTLV,1,,2,DTLV,,,,,,100965,834,332,,H.An Phú,
A076006,H.Châu Phú,A076,DTLV,1,,3,DTLV,,,,,,100966,837,332,,H.Châu Phú,
A076010,H.Châu Thành,A076,DTLV,1,,4,DTLV,,,,,,100967,841,332,,H.Châu Thành,
A076009,H.Chợ Mới,A076,DTLV,1,,5,DTLV,,,,,,100968,840,332,,H.Chợ Mới,
A076005,H.Phú Tân,A076,DTLV,1,,6,DTLV,,,,,,100969,836,332,,H.Phú Tân,
A076011,H.Thoại Sơn,A076,DTLV,1,,7,DTLV,,,,,,100970,842,332,,H.Thoại Sơn,
A076007,H.Tịnh Biên,A076,DTLV,1,,8,DTLV,,,,,,100971,838,332,,H.Tịnh Biên,
A076008,H.Tri Tôn,A076,DTLV,1,,9,DTLV,,,,,,100972,839,332,,H.Tri Tôn,
A076004,TX.Tân Châu,A076,DTLV,1,,10,DTLV,,,,,,100973,835,332,,TX.Tân Châu,
B650007,TP.Dĩ An,B650,DTLV,1,,0,DTLV,,,,,,100974,694,361,,TP.Dĩ An,
B650005,TP.Tân Uyên,B650,DTLV,1,,1,DTLV,,,,,,100975,692,361,,TP.Tân Uyên,
B650001,TP.Thủ Dầu Một,B650,DTLV,1,,2,DTLV,,,,,,100976,688,361,,TP.Thủ Dầu Một,
B650006,TP.Thuận An,B650,DTLV,1,,3,DTLV,,,,,,100977,693,361,,TP.Thuận An,
B650009,H.Bắc Tân Uyên,B650,DTLV,1,,4,DTLV,,,,,,100978,291881,361,,H.Bắc Tân Uyên,
B650008,H.Bàu Bàng,B650,DTLV,1,,5,DTLV,,,,,,100979,15761,361,,H.Bàu Bàng,
B650002,H.Dầu Tiếng,B650,DTLV,1,,6,DTLV,,,,,,100980,689,361,,H.Dầu Tiếng,
B650004,H.Phú Giáo,B650,DTLV,1,,7,DTLV,,,,,,100981,691,361,,H.Phú Giáo,
B650003,TX.Bến Cát,B650,DTLV,1,,8,DTLV,,,,,,100982,690,361,,TX.Bến Cát,
B056001,TP.Quy Nhơn,B056,DTLV,1,,0,DTLV,,,,,,100983,589,322,,TP.Quy Nhơn,
B056002,H.An Lão,B056,DTLV,1,,1,DTLV,,,,,,100984,590,322,,H.An Lão,
B056004,H.Hoài Ân,B056,DTLV,1,,2,DTLV,,,,,,100985,592,322,,H.Hoài Ân,
B056003,H.Hoài Nhơn,B056,DTLV,1,,3,DTLV,,,,,,100986,591,322,,H.Hoài Nhơn,
B056007,H.Phù Cát,B056,DTLV,1,,4,DTLV,,,,,,100987,595,322,,H.Phù Cát,
B056005,H.Phù Mỹ,B056,DTLV,1,,5,DTLV,,,,,,100988,593,322,,H.Phù Mỹ,
B056008,H.Tây Sơn,B056,DTLV,1,,6,DTLV,,,,,,100989,596,322,,H.Tây Sơn,
B056010,H.Tuy Phước,B056,DTLV,1,,7,DTLV,,,,,,100990,598,322,,H.Tuy Phước,
B056011,H.Vân Canh,B056,DTLV,1,,8,DTLV,,,,,,100991,599,322,,H.Vân Canh,
B056006,H.Vĩnh Thạnh,B056,DTLV,1,,9,DTLV,,,,,,100992,594,322,,H.Vĩnh Thạnh,
B056009,TX.An Nhơn,B056,DTLV,1,,10,DTLV,,,,,,100993,597,322,,TX.An Nhơn,
B240001,TP.Bắc Giang,B240,DTLV,1,,0,DTLV,,,,,,100994,962,293,,TP.Bắc Giang,
B240005,H.Hiệp Hòa,B240,DTLV,1,,1,DTLV,,,,,,100995,966,293,,H.Hiệp Hòa,
B240006,H.Lạng Giang,B240,DTLV,1,,2,DTLV,,,,,,100996,967,293,,H.Lạng Giang,
B240008,H.Lục Nam,B240,DTLV,1,,3,DTLV,,,,,,100997,979,293,,H.Lục Nam,
B240004,H.Lục Ngạn,B240,DTLV,1,,4,DTLV,,,,,,100998,965,293,,H.Lục Ngạn,
B240007,H.Sơn Động,B240,DTLV,1,,5,DTLV,,,,,,100999,968,293,,H.Sơn Động,
B240003,H.Tân Yên,B240,DTLV,1,,6,DTLV,,,,,,101000,964,293,,H.Tân Yên,
K077004,H.Hòn Đất,K077,DTLV,1,,7,DTLV,,,,,,101268,902,367,,H.Hòn Đất,
K077013,H.Kiên Hải,K077,DTLV,1,,8,DTLV,,,,,,101269,911,367,,H.Kiên Hải,
K077003,H.Kiên Lương,K077,DTLV,1,,9,DTLV,,,,,,101270,901,367,,H.Kiên Lương,
K077012,H.Phú Quốc,K077,DTLV,1,,10,DTLV,,,,,,101271,910,367,,H.Phú Quốc,
K077005,H.Tân Hiệp,K077,DTLV,1,,11,DTLV,,,,,,101272,903,367,,H.Tân Hiệp,
K077014,H.U Minh Thượng,K077,DTLV,1,,12,DTLV,,,,,,101273,438,367,,H.U Minh Thượng,
K077011,H.Vĩnh Thuận,K077,DTLV,1,,13,DTLV,,,,,,101274,909,367,,H.Vĩnh Thuận,
K077002,TX.Hà Tiên,K077,DTLV,1,,14,DTLV,,,,,,101275,900,367,,TX.Hà Tiên,
K058002,TP.Cam Ranh,K058,DTLV,1,,0,DTLV,,,,,,101276,567,325,,TP.Cam Ranh,
K058001,TP.Nha Trang,K058,DTLV,1,,1,DTLV,,,,,,101277,566,325,,TP.Nha Trang,
K058009,H.Cam Lâm,K058,DTLV,1,,2,DTLV,,,,,,101278,1087,325,,H.Cam Lâm,
K058005,H.Diên Khánh,K058,DTLV,1,,3,DTLV,,,,,,101279,570,325,,H.Diên Khánh,
K058007,H.Khánh Sơn,K058,DTLV,1,,4,DTLV,,,,,,101280,572,325,,H.Khánh Sơn,
K058006,H.Khánh Vĩnh,K058,DTLV,1,,5,DTLV,,,,,,101281,571,325,,H.Khánh Vĩnh,
K058008,H.Trường Sa,K058,DTLV,1,,6,DTLV,,,,,,101282,588,325,,H.Trường Sa,
K058003,H.Vạn Ninh,K058,DTLV,1,,7,DTLV,,,,,,101283,568,325,,H.Vạn Ninh,
K058004,TX.Ninh Hòa,K058,DTLV,1,,8,DTLV,,,,,,101284,569,325,,TX.Ninh Hòa,
K060001,TP.Kon Tum,K060,DTLV,1,,0,DTLV,,,,,,101285,600,326,,TP.Kon Tum,
K060002,H.Đắk Glei,K060,DTLV,1,,1,DTLV,,,,,,101286,601,326,,H.Đắk Glei,
K060006,H.Đắk Hà,K060,DTLV,1,,2,DTLV,,,,,,101287,605,326,,H.Đắk Hà,
K060004,H.Đắk Tô,K060,DTLV,1,,3,DTLV,,,,,,101288,603,326,,H.Đắk Tô,
K060005,H.Kon Plông,K060,DTLV,1,,4,DTLV,,,,,,101289,604,326,,H.Kon Plông,
K060008,H.Kon Rẫy,K060,DTLV,1,,5,DTLV,,,,,,101290,1084,326,,H.Kon Rẫy,
K060010,H.la H Drai,K060,DTLV,1,,6,DTLV,,,,,,101291,304775,326,,H.la H Drai,
K060003,H.Ngọc Hồi,K060,DTLV,1,,7,DTLV,,,,,,101292,602,326,,H.Ngọc Hồi,
K060007,H.Sa Thầy,K060,DTLV,1,,8,DTLV,,,,,,101293,606,326,,H.Sa Thầy,
K060009,H.Tu mơ rông,K060,DTLV,1,,9,DTLV,,,,,,101294,924,326,,H.Tu mơ rông,
L072001,TP.Tân An,L072,DTLV,1,,0,DTLV,,,,,,101295,843,349,,TP.Tân An,
L072009,H.Bến Lức,L072,DTLV,1,,1,DTLV,,,,,,101296,850,349,,H.Bến Lức,
L072013,H.Cần Đước,L072,DTLV,1,,2,DTLV,,,,,,101297,854,349,,H.Cần Đước,
L072006,H.Cần Giuộc,L072,DTLV,1,,3,DTLV,,,,,,101298,582,349,,H.Cần Giuộc,
L072011,H.Châu Thành,L072,DTLV,1,,4,DTLV,,,,,,101299,852,349,,H.Châu Thành,
L072008,H.Đức Hòa,L072,DTLV,1,,5,DTLV,,,,,,101300,849,349,,H.Đức Hòa,
L072007,H.Đức Huệ,L072,DTLV,1,,6,DTLV,,,,,,101301,848,349,,H.Đức Huệ,
L072004,H.Mộc Hóa,L072,DTLV,1,,7,DTLV,,,,,,101302,846,349,,H.Mộc Hóa,
L072002,H.Tân Hưng,L072,DTLV,1,,8,DTLV,,,,,,101303,844,349,,H.Tân Hưng,
L072005,H.Tân Thạnh,L072,DTLV,1,,9,DTLV,,,,,,101304,847,349,,H.Tân Thạnh,
L072015,H.Tân Trụ,L072,DTLV,1,,10,DTLV,,,,,,101305,418,349,,H.Tân Trụ,
L072014,H.Thạnh Hóa,L072,DTLV,1,,11,DTLV,,,,,,101306,1085,349,,H.Thạnh Hóa,
L072010,H.Thủ Thừa,L072,DTLV,1,,12,DTLV,,,,,,101307,851,349,,H.Thủ Thừa,
L072003,H.Vĩnh Hưng,L072,DTLV,1,,13,DTLV,,,,,,101308,845,349,,H.Vĩnh Hưng,
L072016,TX.Kiến Tường,L072,DTLV,1,,14,DTLV,,,,,,101309,15481,349,,TX.Kiến Tường,
L020001,TP.Lào Cai,L020,DTLV,1,,0,DTLV,,,,,,101310,812,303,,TP.Lào Cai,
L020006,H.Bắc Hà,L020,DTLV,1,,1,DTLV,,,,,,101311,926,303,,H.Bắc Hà,
L020007,H.Bảo Thắng,L020,DTLV,1,,2,DTLV,,,,,,101312,927,303,,H.Bảo Thắng,
L020009,H.Bảo Yên,L020,DTLV,1,,3,DTLV,,,,,,101313,929,303,,H.Bảo Yên,
L020004,H.Bát Xát,L020,DTLV,1,,4,DTLV,,,,,,101314,662,303,,H.Bát Xát,
L020003,H.Mường Khương,L020,DTLV,1,,5,DTLV,,,,,,101315,814,303,,H.Mường Khương,
L020005,H.Si Ma Cai,L020,DTLV,1,,6,DTLV,,,,,,101316,925,303,,H.Si Ma Cai,
L020011,H.Văn Bàn,L020,DTLV,1,,7,DTLV,,,,,,101317,930,303,,H.Văn Bàn,
L020008,TX.Sa Pa,L020,DTLV,1,,8,DTLV,,,,,,101318,928,303,,TX.Sa Pa,
L231012,TP.Lai Châu,L231,DTLV,1,,0,DTLV,,,,,,101319,1089,304,,TP.Lai Châu,
L231006,H.Mường Tè,L231,DTLV,1,,1,DTLV,,,,,,101320,416,304,,H.Mường Tè,
L231013,H.Nậm Nhùn,L231,DTLV,1,,2,DTLV,,,,,,101321,15563,304,,H.Nậm Nhùn,
L231003,H.Phong Thổ,L231,DTLV,1,,3,DTLV,,,,,,101322,1031,304,,H.Phong Thổ,
L231002,H.Sìn Hồ,L231,DTLV,1,,4,DTLV,,,,,,101323,1030,304,,H.Sìn Hồ,
L231001,H.Tam Đường,L231,DTLV,1,,5,DTLV,,,,,,101324,1029,304,,H.Tam Đường,
L231005,H.Tân Uyên,L231,DTLV,1,,6,DTLV,,,,,,101325,833,304,,H.Tân Uyên,
L231004,H.Than Uyên,L231,DTLV,1,,7,DTLV,,,,,,101326,1032,304,,H.Than Uyên,
L063002,TP.Bảo Lộc,L063,DTLV,1,,0,DTLV,,,,,,101327,639,327,,TP.Bảo Lộc,
L063001,TP.Đà Lạt,L063,DTLV,1,,1,DTLV,,,,,,101328,638,327,,TP.Đà Lạt,
L063007,H.Bảo Lâm,L063,DTLV,1,,2,DTLV,,,,,,101329,437,327,,H.Bảo Lâm,
L063011,H.Cát Tiên,L063,DTLV,1,,3,DTLV,,,,,,101330,646,327,,H.Cát Tiên,
L063009,H.Đạ Huoai,L063,DTLV,1,,4,DTLV,,,,,,101331,644,327,,H.Đạ Huoai,
L063010,H.Đạ Tẻh,L063,DTLV,1,,5,DTLV,,,,,,101332,645,327,,H.Đạ Tẻh,
L063008,H.Đam Rông,L063,DTLV,1,,6,DTLV,,,,,,101333,444,327,,H.Đam Rông,
L063012,H.Di Linh,L063,DTLV,1,,7,DTLV,,,,,,101334,1086,327,,H.Di Linh,
L063004,H.Đơn Dương,L063,DTLV,1,,8,DTLV,,,,,,101335,641,327,,H.Đơn Dương,
L063005,H.Đức Trọng,L063,DTLV,1,,9,DTLV,,,,,,101336,642,327,,H.Đức Trọng,
L063003,H.Lạc Dương,L063,DTLV,1,,10,DTLV,,,,,,101337,640,327,,H.Lạc Dương,
L063006,H.Lâm Hà,L063,DTLV,1,,11,DTLV,,,,,,101338,643,327,,H.Lâm Hà,
L025001,TP.Lạng Sơn,L025,DTLV,1,,0,DTLV,,,,,,101339,801,305,,TP.Lạng Sơn,
L025005,H.Bắc Sơn,L025,DTLV,1,,1,DTLV,,,,,,101340,805,305,,H.Bắc Sơn,
L025004,H.Bình Gia,L025,DTLV,1,,2,DTLV,,,,,,101341,804,305,,H.Bình Gia,
L025007,H.Cao Lộc,L025,DTLV,1,,3,DTLV,,,,,,101342,807,305,,H.Cao Lộc,
L025009,H.Chi Lăng,L025,DTLV,1,,4,DTLV,,,,,,101343,809,305,,H.Chi Lăng,
L025010,H.Đình Lập,L025,DTLV,1,,5,DTLV,,,,,,101344,810,305,,H.Đình Lập,
L025011,H.Hữu Lũng,L025,DTLV,1,,6,DTLV,,,,,,101345,811,305,,H.Hữu Lũng,
L025008,H.Lộc Bình,L025,DTLV,1,,7,DTLV,,,,,,101346,808,305,,H.Lộc Bình,
L025002,H.Tràng Định,L025,DTLV,1,,8,DTLV,,,,,,101347,802,305,,H.Tràng Định,
L025003,H.Văn Lãng,L025,DTLV,1,,9,DTLV,,,,,,101348,803,305,,H.Văn Lãng,
L025006,H.Văn Quan,L025,DTLV,1,,10,DTLV,,,,,,101349,806,305,,H.Văn Quan,
N038001,TP.Vinh,N038,DTLV,1,,0,DTLV,,,,,,101350,473,307,,TP.Vinh,
N038014,H.Anh Sơn,N038,DTLV,1,,1,DTLV,,,,,,101351,486,307,,H.Anh Sơn,
N038011,H.Con Cuông,N038,DTLV,1,,2,DTLV,,,,,,101352,483,307,,H.Con Cuông,
N038013,H.Diễn Châu,N038,DTLV,1,,3,DTLV,,,,,,101353,485,307,,H.Diễn Châu,
N038015,H.Đô Lương,N038,DTLV,1,,4,DTLV,,,,,,101354,487,307,,H.Đô Lương,
N038019,H.Hưng Nguyên,N038,DTLV,1,,5,DTLV,,,,,,101355,491,307,,H.Hưng Nguyên,
N038005,H.Kỳ Sơn,N038,DTLV,1,,6,DTLV,,,,,,101356,477,307,,H.Kỳ Sơn,
N038018,H.Nam Đàn,N038,DTLV,1,,7,DTLV,,,,,,101357,490,307,,H.Nam Đàn,
N038017,H.Nghi Lộc,N038,DTLV,1,,8,DTLV,,,,,,101358,489,307,,H.Nghi Lộc,
N038007,H.Nghĩa Đàn,N038,DTLV,1,,9,DTLV,,,,,,101359,479,307,,H.Nghĩa Đàn,
N038003,H.Quế Phong,N038,DTLV,1,,10,DTLV,,,,,,101360,475,307,,H.Quế Phong,
N038004,H.Quỳ Châu,N038,DTLV,1,,11,DTLV,,,,,,101361,476,307,,H.Quỳ Châu,
N038006,H.Quỳ Hợp,N038,DTLV,1,,12,DTLV,,,,,,101362,478,307,,H.Quỳ Hợp,
N038009,H.Quỳnh Lưu,N038,DTLV,1,,13,DTLV,,,,,,101363,481,307,,H.Quỳnh Lưu,
N038010,H.Tân Kỳ,N038,DTLV,1,,14,DTLV,,,,,,101364,482,307,,H.Tân Kỳ,
N038021,H.Thái Hòa,N038,DTLV,1,,15,DTLV,,,,,,101365,14202,307,,H.Thái Hòa,
N038016,H.Thanh Chương,N038,DTLV,1,,16,DTLV,,,,,,101366,488,307,,H.Thanh Chương,
N038008,H.Tương Dương,N038,DTLV,1,,17,DTLV,,,,,,101367,480,307,,H.Tương Dương,
N038012,H.Yên Thành,N038,DTLV,1,,18,DTLV,,,,,,101368,484,307,,H.Yên Thành,
N038002,TX.Cửa Lò,N038,DTLV,1,,19,DTLV,,,,,,101369,474,307,,TX.Cửa Lò,
N038022,TX.Hoàng Mai,N038,DTLV,1,,20,DTLV,,,,,,101370,15442,307,,TX.Hoàng Mai,
N030001,TP.Ninh Bình,N030,DTLV,1,,0,DTLV,,,,,,101371,761,306,,TP.Ninh Bình,
N030002,TP.Tam Điệp,N030,DTLV,1,,1,DTLV,,,,,,101372,762,306,,TP.Tam Điệp,
N030004,H.Gia Viễn,N030,DTLV,1,,2,DTLV,,,,,,101373,764,306,,H.Gia Viễn,
N030005,H.Hoa Lư,N030,DTLV,1,,3,DTLV,,,,,,101374,765,306,,H.Hoa Lư,
N030008,H.Kim Sơn,N030,DTLV,1,,4,DTLV,,,,,,101375,768,306,,H.Kim Sơn,
N030003,H.Nho Quan,N030,DTLV,1,,5,DTLV,,,,,,101376,763,306,,H.Nho Quan,
N030007,H.Yên Khánh,N030,DTLV,1,,6,DTLV,,,,,,101377,767,306,,H.Yên Khánh,
N030006,H.Yên Mô,N030,DTLV,1,,7,DTLV,,,,,,101378,766,306,,H.Yên Mô,
N350001,TP.Nam Định,N350,DTLV,1,,0,DTLV,,,,,,101379,769,308,,TP.Nam Định,
N350008,H.Giao Thủy,N350,DTLV,1,,1,DTLV,,,,,,101380,776,308,,H.Giao Thủy,
N350010,H.Hải Hậu,N350,DTLV,1,,2,DTLV,,,,,,101381,778,308,,H.Hải Hậu,
N350003,H.Mỹ Lộc,N350,DTLV,1,,3,DTLV,,,,,,101382,771,308,,H.Mỹ Lộc,
N350005,H.Nam Trực,N350,DTLV,1,,4,DTLV,,,,,,101383,773,308,,H.Nam Trực,
N350009,H.Nghĩa Hưng,N350,DTLV,1,,5,DTLV,,,,,,101384,777,308,,H.Nghĩa Hưng,
N350006,H.Trực Ninh,N350,DTLV,1,,6,DTLV,,,,,,101385,774,308,,H.Trực Ninh,
N350002,H.Vụ Bản,N350,DTLV,1,,7,DTLV,,,,,,101386,770,308,,H.Vụ Bản,
N350007,H.Xuân Trường,N350,DTLV,1,,8,DTLV,,,,,,101387,775,308,,H.Xuân Trường,
N350004,H.Ý Yên,N350,DTLV,1,,9,DTLV,,,,,,101388,772,308,,H.Ý Yên,
N068001,TP.Phan Rang -Tháp Chàm,N068,DTLV,1,,0,DTLV,,,,,,101389,656,328,,TP.Phan Rang -Tháp Chàm,
N068003,H.Bác ái,N068,DTLV,1,,1,DTLV,,,,,,101390,658,328,,H.Bác ái,
N068004,H.Ninh Hải,N068,DTLV,1,,2,DTLV,,,,,,101391,659,328,,H.Ninh Hải,
N068005,H.Ninh Phước,N068,DTLV,1,,3,DTLV,,,,,,101392,660,328,,H.Ninh Phước,
N068002,H.Ninh Sơn,N068,DTLV,1,,4,DTLV,,,,,,101393,657,328,,H.Ninh Sơn,
N068006,H.Thuận Bắc,N068,DTLV,1,,5,DTLV,,,,,,101394,419,328,,H.Thuận Bắc,
N068007,H.Thuận Nam,N068,DTLV,1,,6,DTLV,,,,,,101395,13841,328,,H.Thuận Nam,
P210001,TP.Việt Trì,P210,DTLV,1,,0,DTLV,,,,,,101396,982,310,,TP.Việt Trì,
P210008,H.Cẩm Khê,P210,DTLV,1,,1,DTLV,,,,,,101397,989,310,,H.Cẩm Khê,
P210003,H.Đoan Hùng,P210,DTLV,1,,2,DTLV,,,,,,101398,984,310,,H.Đoan Hùng,
P210004,H.Hạ Hòa,P210,DTLV,1,,3,DTLV,,,,,,101399,985,310,,H.Hạ Hòa,
P210007,H.Lâm Thao,P210,DTLV,1,,4,DTLV,,,,,,101400,988,310,,H.Lâm Thao,
P210006,H.Phù Ninh,P210,DTLV,1,,5,DTLV,,,,,,101401,987,310,,H.Phù Ninh,
P210010,H.Tam Nông,P210,DTLV,1,,6,DTLV,,,,,,101402,991,310,,H.Tam Nông,
P210013,H.Tân Sơn,P210,DTLV,1,,7,DTLV,,,,,,101403,433,310,,H.Tân Sơn,
P210005,H.Thanh Ba,P210,DTLV,1,,8,DTLV,,,,,,101404,986,310,,H.Thanh Ba,
P210012,H.Thanh Sơn,P210,DTLV,1,,9,DTLV,,,,,,101405,993,310,,H.Thanh Sơn,
P210011,H.Thanh Thủy,P210,DTLV,1,,10,DTLV,,,,,,101406,992,310,,H.Thanh Thủy,
P210009,H.Yên Lập,P210,DTLV,1,,11,DTLV,,,,,,101407,990,310,,H.Yên Lập,
P210002,TX.Phú Thọ,P210,DTLV,1,,12,DTLV,,,,,,101408,983,310,,TX.Phú Thọ,
P057001,TP.Tuy Hòa,P057,DTLV,1,,0,DTLV,,,,,,101409,546,329,,TP.Tuy Hòa,
P057002,H.Đồng Xuân,P057,DTLV,1,,1,DTLV,,,,,,101410,547,329,,H.Đồng Xuân,
P057008,H.Phú Hòa,P057,DTLV,1,,2,DTLV,,,,,,101411,1054,329,,H.Phú Hòa,
P057005,H.Sơn Hòa,P057,DTLV,1,,3,DTLV,,,,,,101412,550,329,,H.Sơn Hòa,
P057007,H.Sông Hinh,P057,DTLV,1,,4,DTLV,,,,,,101413,552,329,,H.Sông Hinh,
P057009,H.Tây Hòa,P057,DTLV,1,,5,DTLV,,,,,,101414,395,329,,H.Tây Hòa,
P057004,H.Tuy An,P057,DTLV,1,,6,DTLV,,,,,,101415,549,329,,H.Tuy An,
P057010,TX.Đông Hòa,P057,DTLV,1,,7,DTLV,,,,,,101416,415,329,,TX.Đông Hòa,
P057003,TX.Sông Cầu,P057,DTLV,1,,8,DTLV,,,,,,101417,548,329,,TX.Sông Cầu,
Q052001,TP.Đồng Hới,Q052,DTLV,1,,0,DTLV,,,,,,101418,526,312,,TP.Đồng Hới,
Q052005,H.Bố Trạch,Q052,DTLV,1,,1,DTLV,,,,,,101419,530,312,,H.Bố Trạch,
Q052007,H.Lệ Thủy,Q052,DTLV,1,,2,DTLV,,,,,,101420,532,312,,H.Lệ Thủy,
Q052003,H.Minh Hóa,Q052,DTLV,1,,3,DTLV,,,,,,101421,528,312,,H.Minh Hóa,
Q052006,H.Quảng Ninh,Q052,DTLV,1,,4,DTLV,,,,,,101422,531,312,,H.Quảng Ninh,
Q052004,H.Quảng Trạch,Q052,DTLV,1,,5,DTLV,,,,,,101423,529,312,,H.Quảng Trạch,
Q052002,H.Tuyên Hóa,Q052,DTLV,1,,6,DTLV,,,,,,101424,527,312,,H.Tuyên Hóa,
Q052008,TX.Ba Đồn,Q052,DTLV,1,,7,DTLV,,,,,,101425,15741,312,,TX.Ba Đồn,
Q033002,TP.Cẩm Phả,Q033,DTLV,1,,0,DTLV,,,,,,101426,1009,311,,TP.Cẩm Phả,
Q033001,TP.Hạ Long,Q033,DTLV,1,,1,DTLV,,,,,,101427,1008,311,,TP.Hạ Long,
Q033004,TP.Móng Cái,Q033,DTLV,1,,2,DTLV,,,,,,101428,1011,311,,TP.Móng Cái,
Q033003,TP.Uông Bí,Q033,DTLV,1,,3,DTLV,,,,,,101429,1010,311,,TP.Uông Bí,
Q033009,H.Ba Chẽ,Q033,DTLV,1,,4,DTLV,,,,,,101430,1016,311,,H.Ba Chẽ,
Q033005,H.Bình Liêu,Q033,DTLV,1,,5,DTLV,,,,,,101431,1012,311,,H.Bình Liêu,
Q033013,H.Cô Tô,Q033,DTLV,1,,6,DTLV,,,,,,101432,1020,311,,H.Cô Tô,
Q033007,H.Đầm Hà,Q033,DTLV,1,,7,DTLV,,,,,,101433,1014,311,,H.Đầm Hà,
Q033006,H.Hải Hà,Q033,DTLV,1,,8,DTLV,,,,,,101434,1013,311,,H.Hải Hà,
Q033011,H.Hoành Bồ,Q033,DTLV,1,,9,DTLV,,,,,,101435,1018,311,,H.Hoành Bồ,
Q033008,H.Tiên Yên,Q033,DTLV,1,,10,DTLV,,,,,,101436,1015,311,,H.Tiên Yên,
Q033010,H.Vân Đồn,Q033,DTLV,1,,11,DTLV,,,,,,101437,1017,311,,H.Vân Đồn,
Q033012,TX.Đông Triều,Q033,DTLV,1,,12,DTLV,,,,,,101438,1019,311,,TX.Đông Triều,
Q033014,TX.Quảng Yên,Q033,DTLV,1,,13,DTLV,,,,,,101439,1021,311,,TX.Quảng Yên,
Q055001,TP.Quảng Ngãi,Q055,DTLV,1,,0,DTLV,,,,,,101440,553,318,,TP.Quảng Ngãi,
Q055013,H.Ba Tơ,Q055,DTLV,1,,1,DTLV,,,,,,101441,565,318,,H.Ba Tơ,
Q055003,H.Bình Sơn,Q055,DTLV,1,,2,DTLV,,,,,,101442,555,318,,H.Bình Sơn,
Q055002,H.Lý Sơn,Q055,DTLV,1,,3,DTLV,,,,,,101443,554,318,,H.Lý Sơn,
Q055010,H.Minh Long,Q055,DTLV,1,,4,DTLV,,,,,,101444,562,318,,H.Minh Long,
Q055005,H.Sơn Tịnh,Q055,DTLV,1,,5,DTLV,,,,,,101445,557,318,,H.Sơn Tịnh,
Q055011,H.Mộ Đức,Q055,DTLV,1,,6,DTLV,,,,,,101446,563,318,,H.Mộ Đức,
Q055009,H.Nghĩa Hành,Q055,DTLV,1,,7,DTLV,,,,,,101447,561,318,,H.Nghĩa Hành,
Q055007,H.Sơn Hà,Q055,DTLV,1,,8,DTLV,,,,,,101448,559,318,,H.Sơn Hà,
Q055006,H.Sơn Tây,Q055,DTLV,1,,9,DTLV,,,,,,101449,558,318,,H.Sơn Tây,
Q055004,H.Trà Bồng,Q055,DTLV,1,,10,DTLV,,,,,,101450,556,318,,H.Trà Bồng,
Q055008,H.Tư Nghĩa,Q055,DTLV,1,,11,DTLV,,,,,,101451,560,318,,H.Tư Nghĩa,
Q055012,TX.Đức Phổ,Q055,DTLV,1,,12,DTLV,,,,,,101452,564,318,,TX.Đức Phổ,
Q510002,TP.Hội An,Q510,DTLV,1,,0,DTLV,,,,,,101453,534,319,,TP.Hội An,
Q510001,TP.Tam Kỳ,Q510,DTLV,1,,1,DTLV,,,,,,101454,533,319,,TP.Tam Kỳ,
Q510018,H.Bắc Trà My,Q510,DTLV,1,,2,DTLV,,,,,,101455,445,319,,H.Bắc Trà My,
Q510004,H.Đại Lộc,Q510,DTLV,1,,3,DTLV,,,,,,101456,536,319,,H.Đại Lộc,
Q510016,H.Đông Giang,Q510,DTLV,1,,4,DTLV,,,,,,101457,436,319,,H.Đông Giang,
Q510006,H.Duy Xuyên,Q510,DTLV,1,,5,DTLV,,,,,,101458,538,319,,H.Duy Xuyên,
Q510010,H.Hiệp Đức,Q510,DTLV,1,,6,DTLV,,,,,,101459,542,319,,H.Hiệp Đức,
Q510007,H.Nam Giang,Q510,DTLV,1,,7,DTLV,,,,,,101460,539,319,,H.Nam Giang,
Q510013,H.Nam Trà My,Q510,DTLV,1,,8,DTLV,,,,,,101461,545,319,,H.Nam Trà My,
Q510019,H.Nông Sơn,Q510,DTLV,1,,9,DTLV,,,,,,101462,414,319,,H.Nông Sơn,
Q510012,H.Núi Thành,Q510,DTLV,1,,10,DTLV,,,,,,101463,544,319,,H.Núi Thành,
Q510015,H.Phú Ninh,Q510,DTLV,1,,11,DTLV,,,,,,101464,1091,319,,H.Phú Ninh,
Q510014,H.Phước Sơn,Q510,DTLV,1,,12,DTLV,,,,,,101465,1090,319,,H.Phước Sơn,
Q510009,H.Quế Sơn,Q510,DTLV,1,,13,DTLV,,,,,,101466,541,319,,H.Quế Sơn,
Q510017,H.Tây Giang,Q510,DTLV,1,,14,DTLV,,,,,,101467,428,319,,H.Tây Giang,
Q510008,H.Thăng Bình,Q510,DTLV,1,,15,DTLV,,,,,,101468,540,319,,H.Thăng Bình,
Q510011,H.Tiên Phước,Q510,DTLV,1,,16,DTLV,,,,,,101469,543,319,,H.Tiên Phước,
Q510005,TX.Điện Bàn,Q510,DTLV,1,,17,DTLV,,,,,,101470,537,319,,TX.Điện Bàn,
Q053001,TP.Đông Hà,Q053,DTLV,1,,0,DTLV,,,,,,101471,492,316,,TP.Đông Hà,
Q053005,H.Cam Lộ,Q053,DTLV,1,,1,DTLV,,,,,,101472,496,316,,H.Cam Lộ,
Q053009,H.Đa Krông,Q053,DTLV,1,,2,DTLV,,,,,,101473,500,316,,H.Đa Krông,
Q053010,H.Đảo Cồn Cỏ,Q053,DTLV,1,,3,DTLV,,,,,,101474,401,316,,H.Đảo Cồn Cỏ,
Q053004,H.Gio Linh,Q053,DTLV,1,,4,DTLV,,,,,,101475,495,316,,H.Gio Linh,
Q053007,H.Hải Lăng,Q053,DTLV,1,,5,DTLV,,,,,,101476,498,316,,H.Hải Lăng,
Q053008,H.Hướng Hóa,Q053,DTLV,1,,6,DTLV,,,,,,101477,499,316,,H.Hướng Hóa,
Q053006,H.Triệu Phong,Q053,DTLV,1,,7,DTLV,,,,,,101478,497,316,,H.Triệu Phong,
Q053003,H.Vĩnh Linh,Q053,DTLV,1,,8,DTLV,,,,,,101479,494,316,,H.Vĩnh Linh,
Q053002,TX.Quảng Trị,Q053,DTLV,1,,9,DTLV,,,,,,101480,493,316,,TX.Quảng Trị,
S022001,TP.Sơn La,S022,DTLV,1,,0,DTLV,,,,,,101481,453,285,,TP.Sơn La,
S022005,H.Bắc Yên,S022,DTLV,1,,1,DTLV,,,,,,101482,457,285,,H.Bắc Yên,
S022007,H.Mai Sơn,S022,DTLV,1,,2,DTLV,,,,,,101483,459,285,,H.Mai Sơn,
S022010,H.Mộc Châu,S022,DTLV,1,,3,DTLV,,,,,,101484,462,285,,H.Mộc Châu,
S022003,H.Mường La,S022,DTLV,1,,4,DTLV,,,,,,101485,455,285,,H.Mường La,
S022006,H.Phù Yên,S022,DTLV,1,,5,DTLV,,,,,,101486,458,285,,H.Phù Yên,
S022002,H.Quỳnh Nhai,S022,DTLV,1,,6,DTLV,,,,,,101487,454,285,,H.Quỳnh Nhai,
S022008,H.Sông Mã,S022,DTLV,1,,7,DTLV,,,,,,101488,460,285,,H.Sông Mã,
S022011,H.Sốp Cộp,S022,DTLV,1,,8,DTLV,,,,,,101489,1053,285,,H.Sốp Cộp,
S022004,H.Thuận Châu,S022,DTLV,1,,9,DTLV,,,,,,101490,456,285,,H.Thuận Châu,
S022012,H.Vân Hồ,S022,DTLV,1,,10,DTLV,,,,,,101491,304761,285,,H.Vân Hồ,
S022009,H.Yên Châu,S022,DTLV,1,,11,DTLV,,,,,,101492,461,285,,H.Yên Châu,
S079001,TP.Sóc Trăng,S079,DTLV,1,,0,DTLV,,,,,,101493,912,374,,TP.Sóc Trăng,
S079010,H.Châu Thành,S079,DTLV,1,,1,DTLV,,,,,,101494,585,374,,H.Châu Thành,
S079009,H.Cù Lao Dung,S079,DTLV,1,,2,DTLV,,,,,,101495,423,374,,H.Cù Lao Dung,
S079002,H.Kế Sách,S079,DTLV,1,,3,DTLV,,,,,,101496,913,374,,H.Kế Sách,
S079003,H.Long Phú,S079,DTLV,1,,4,DTLV,,,,,,101497,914,374,,H.Long Phú,
S079004,H.Mỹ Tú,S079,DTLV,1,,5,DTLV,,,,,,101498,915,374,,H.Mỹ Tú,
S079005,H.Mỹ Xuyên,S079,DTLV,1,,6,DTLV,,,,,,101499,916,374,,H.Mỹ Xuyên,
S079006,H.Thạnh Trị,S079,DTLV,1,,7,DTLV,,,,,,101500,917,374,,H.Thạnh Trị,
S079011,H.Trần Đề,S079,DTLV,1,,8,DTLV,,,,,,101501,13859,374,,H.Trần Đề,
S079008,TX.Ngã Năm,S079,DTLV,1,,9,DTLV,,,,,,101502,1079,374,,TX.Ngã Năm,
S079007,TX.Vĩnh Châu,S079,DTLV,1,,10,DTLV,,,,,,101503,918,374,,TX.Vĩnh Châu,
T036001,TP.Thái Bình,T036,DTLV,1,,0,DTLV,,,,,,101504,747,288,,TP.Thái Bình,
T036005,H.Đông Hưng,T036,DTLV,1,,1,DTLV,,,,,,101505,751,288,,H.Đông Hưng,
T036003,H.Hưng Hà,T036,DTLV,1,,2,DTLV,,,,,,101506,749,288,,H.Hưng Hà,
T036007,H.Kiến Xương,T036,DTLV,1,,3,DTLV,,,,,,101507,753,288,,H.Kiến Xương,
T036002,H.Quỳnh Phụ,T036,DTLV,1,,4,DTLV,,,,,,101508,748,288,,H.Quỳnh Phụ,
T036004,H.Thái Thụy,T036,DTLV,1,,5,DTLV,,,,,,101509,750,288,,H.Thái Thụy,
T036008,H.Tiền Hải,T036,DTLV,1,,6,DTLV,,,,,,101510,754,288,,H.Tiền Hải,
T036006,H.Vũ Thư,T036,DTLV,1,,7,DTLV,,,,,,101511,752,288,,H.Vũ Thư,
T073001,TP.Mỹ Tho,T073,DTLV,1,,0,DTLV,,,,,,101512,855,335,,TP.Mỹ Tho,
T073007,H.Cái Bè,T073,DTLV,1,,1,DTLV,,,,,,101513,861,335,,H.Cái Bè,
T073005,H.Cai Lậy,T073,DTLV,1,,2,DTLV,,,,,,101514,859,335,,H.Cai Lậy,
T073004,H.Châu Thành,T073,DTLV,1,,3,DTLV,,,,,,101515,858,335,,H.Châu Thành,
T073006,H.Chợ Gạo,T073,DTLV,1,,4,DTLV,,,,,,101516,860,335,,H.Chợ Gạo,
T073009,H.Gò Công Đông,T073,DTLV,1,,5,DTLV,,,,,,101517,863,335,,H.Gò Công Đông,
T073008,H.Gò Công Tây,T073,DTLV,1,,6,DTLV,,,,,,101518,862,335,,H.Gò Công Tây,
T073010,H.Tân Phú Đông,T073,DTLV,1,,7,DTLV,,,,,,101519,1088,335,,H.Tân Phú Đông,
T073003,H.Tân Phước,T073,DTLV,1,,8,DTLV,,,,,,101520,857,335,,H.Tân Phước,
T073011,TX.Cai Lậy,T073,DTLV,1,,9,DTLV,,,,,,101521,15681,335,,TX.Cai Lậy,
T073002,TX.Gò Công,T073,DTLV,1,,10,DTLV,,,,,,101522,856,335,,TX.Gò Công,
T037003,TP.Sầm Sơn,T037,DTLV,1,,0,DTLV,,,,,,101523,1035,289,,TP.Sầm Sơn,
T037001,TP.Thanh Hóa,T037,DTLV,1,,1,DTLV,,,,,,101524,1033,289,,TP.Thanh Hóa,
T037007,H.Bá Thước,T037,DTLV,1,,2,DTLV,,,,,,101525,1039,289,,H.Bá Thước,
T037008,H.Cẩm Thủy,T037,DTLV,1,,3,DTLV,,,,,,101526,1040,289,,H.Cẩm Thủy,
T037023,H.Đông Sơn,T037,DTLV,1,,4,DTLV,,,,,,101527,448,289,,H.Đông Sơn,
T037016,H.Hà Trung,T037,DTLV,1,,5,DTLV,,,,,,101528,1048,289,,H.Hà Trung,
T037020,H.Hậu Lộc,T037,DTLV,1,,6,DTLV,,,,,,101529,1052,289,,H.Hậu Lộc,
T037022,H.Hoằng Hóa,T037,DTLV,1,,7,DTLV,,,,,,101530,447,289,,H.Hoằng Hóa,
T037009,H.Lang Chánh,T037,DTLV,1,,8,DTLV,,,,,,101531,1041,289,,H.Lang Chánh,
T037004,H.Mường Lát,T037,DTLV,1,,9,DTLV,,,,,,101532,1036,289,,H.Mường Lát,
T037017,H.Nga Sơn,T037,DTLV,1,,10,DTLV,,,,,,101533,1049,289,,H.Nga Sơn,
T037011,H.Ngọc Lặc,T037,DTLV,1,,11,DTLV,,,,,,101534,1043,289,,H.Ngọc Lặc,
T037014,H.Như Thanh,T037,DTLV,1,,12,DTLV,,,,,,101535,1046,289,,H.Như Thanh,
T037013,H.Như Xuân,T037,DTLV,1,,13,DTLV,,,,,,101536,1045,289,,H.Như Xuân,
T037026,H.Nông Cống,T037,DTLV,1,,14,DTLV,,,,,,101537,451,289,,H.Nông Cống,
T037005,H.Quan Hóa,T037,DTLV,1,,15,DTLV,,,,,,101538,1037,289,,H.Quan Hóa,
T037006,H.Quan Sơn,T037,DTLV,1,,16,DTLV,,,,,,101539,1038,289,,H.Quan Sơn,
T037025,H.Quảng Xương,T037,DTLV,1,,17,DTLV,,,,,,101540,450,289,,H.Quảng Xương,
T037010,H.Thạch Thành,T037,DTLV,1,,18,DTLV,,,,,,101541,1042,289,,H.Thạch Thành,
T037021,H.Thiệu Hóa,T037,DTLV,1,,19,DTLV,,,,,,101542,446,289,,H.Thiệu Hóa,
T037019,H.Thọ Xuân,T037,DTLV,1,,20,DTLV,,,,,,101543,1051,289,,H.Thọ Xuân,
T037012,H.Thường Xuân,T037,DTLV,1,,21,DTLV,,,,,,101544,1044,289,,H.Thường Xuân,
T037024,H.Triệu Sơn,T037,DTLV,1,,22,DTLV,,,,,,101545,449,289,,H.Triệu Sơn,
T037015,H.Vĩnh Lộc,T037,DTLV,1,,23,DTLV,,,,,,101546,1047,289,,H.Vĩnh Lộc,
T037018,H.Yên Định,T037,DTLV,1,,25,DTLV,,,,,,101547,1050,289,,H.Yên Định,
T037002,TX.Bỉm Sơn,T037,DTLV,1,,26,DTLV,,,,,,101548,1034,289,,TX.Bỉm Sơn,
T037028,TX.Nghi Sơn,T037,DTLV,1,,27,DTLV,,,,,,101549,304774,289,,TX.Nghi Sơn,
T066001,TP.Tây Ninh,T066,DTLV,1,,0,DTLV,,,,,,101550,647,334,,TP.Tây Ninh,
T066007,H.Bến Cầu,T066,DTLV,1,,1,DTLV,,,,,,101551,653,334,,H.Bến Cầu,
T066005,H.Châu Thành,T066,DTLV,1,,2,DTLV,,,,,,101552,651,334,,H.Châu Thành,
T066004,H.Dương Minh Châu,T066,DTLV,1,,3,DTLV,,,,,,101553,650,334,,H.Dương Minh Châu,
T066008,H.Gò Dầu,T066,DTLV,1,,4,DTLV,,,,,,101554,654,334,,H.Gò Dầu,
T066002,H.Tân Biên,T066,DTLV,1,,5,DTLV,,,,,,101555,648,334,,H.Tân Biên,
T066003,H.Tân Châu,T066,DTLV,1,,6,DTLV,,,,,,101556,649,334,,H.Tân Châu,
T066006,TX.Hòa Thành,T066,DTLV,1,,7,DTLV,,,,,,101557,652,334,,TX.Hòa Thành,
T066009,TX.Trảng Bàng,T066,DTLV,1,,8,DTLV,,,,,,101558,655,334,,TX.Trảng Bàng,
T280002,TP.Sông Công,T280,DTLV,1,,0,DTLV,,,,,,101559,954,290,,TP.Sông Công,
T280001,TP.Thái Nguyên,T280,DTLV,1,,1,DTLV,,,,,,101560,953,290,,TP.Thái Nguyên,
T280007,H.Đại Từ,T280,DTLV,1,,2,DTLV,,,,,,101561,959,290,,H.Đại Từ,
T280003,H.Định Hóa,T280,DTLV,1,,3,DTLV,,,,,,101562,955,290,,H.Định Hóa,
T280006,H.Đồng Hỷ,T280,DTLV,1,,4,DTLV,,,,,,101563,958,290,,H.Đồng Hỷ,
T280008,H.Phú Bình,T280,DTLV,1,,5,DTLV,,,,,,101564,960,290,,H.Phú Bình,
T280005,H.Phú Lương,T280,DTLV,1,,6,DTLV,,,,,,101565,957,290,,H.Phú Lương,
T280004,H.Võ Nhai,T280,DTLV,1,,7,DTLV,,,,,,101566,956,290,,H.Võ Nhai,
T280009,TX.Phổ Yên,T280,DTLV,1,,8,DTLV,,,,,,101567,961,290,,TX.Phổ Yên,
T027001,TP.Tuyên Quang,T027,DTLV,1,,0,DTLV,,,,,,101568,931,287,,TP.Tuyên Quang,
T027003,H.Chiêm Hóa,T027,DTLV,1,,1,DTLV,,,,,,101569,933,287,,H.Chiêm Hóa,
T027004,H.Hàm Yên,T027,DTLV,1,,2,DTLV,,,,,,101570,934,287,,H.Hàm Yên,
T027007,H.Lâm Bình,T027,DTLV,1,,3,DTLV,,,,,,101571,14121,287,,H.Lâm Bình,
T027002,H.Na Hang,T027,DTLV,1,,4,DTLV,,,,,,101572,932,287,,H.Na Hang,
T027006,H.Sơn Dương,T027,DTLV,1,,5,DTLV,,,,,,101573,936,287,,H.Sơn Dương,
T027005,H.Yên Sơn,T027,DTLV,1,,6,DTLV,,,,,,101574,935,287,,H.Yên Sơn,
T074001,TP.Trà Vinh,T074,DTLV,1,,0,DTLV,,,,,,101575,892,355,,TP.Trà Vinh,
T074002,H.Càng Long,T074,DTLV,1,,1,DTLV,,,,,,101576,893,355,,H.Càng Long,
T074010,H.Cầu Kè,T074,DTLV,1,,2,DTLV,,,,,,101577,432,355,,H.Cầu Kè,
T074006,H.Cầu Ngang,T074,DTLV,1,,3,DTLV,,,,,,101578,896,355,,H.Cầu Ngang,
T074003,H.Châu Thành,T074,DTLV,1,,4,DTLV,,,,,,101579,894,355,,H.Châu Thành,
T074008,H.Duyên Hải,T074,DTLV,1,,5,DTLV,,,,,,101580,898,355,,H.Duyên Hải,
T074005,H.Tiểu Cần,T074,DTLV,1,,6,DTLV,,,,,,101581,895,355,,H.Tiểu Cần,
T074007,H.Trà Cú,T074,DTLV,1,,7,DTLV,,,,,,101582,897,355,,H.Trà Cú,
T074011,TX.Duyên Hải,T074,DTLV,1,,8,DTLV,,,,,,101583,288054,355,,TX.Duyên Hải,
V070001,TP.Vĩnh Long,V070,DTLV,1,,0,DTLV,,,,,,101584,864,379,,TP.Vĩnh Long,
V070008,H.Bình Tân,V070,DTLV,1,,1,DTLV,,,,,,101585,421,379,,H.Bình Tân,
V070002,H.Long Hồ,V070,DTLV,1,,2,DTLV,,,,,,101586,865,379,,H.Long Hồ,
V070003,H.Mang Thít,V070,DTLV,1,,3,DTLV,,,,,,101587,866,379,,H.Mang Thít,
V070005,H.Tam Bình,V070,DTLV,1,,4,DTLV,,,,,,101588,868,379,,H.Tam Bình,
V070006,H.Trà Ôn,V070,DTLV,1,,5,DTLV,,,,,,101589,869,379,,H.Trà Ôn,
V070007,H.Vũng Liêm,V070,DTLV,1,,6,DTLV,,,,,,101590,870,379,,H.Vũng Liêm,
V070004,TX.Bình Minh,V070,DTLV,1,,7,DTLV,,,,,,101591,867,379,,TX.Bình Minh,
V211008,TP.Phúc Yên,V211,DTLV,1,,0,DTLV,,,,,,101592,509,291,,TP.Phúc Yên,
V211001,TP.Vĩnh Yên,V211,DTLV,1,,1,DTLV,,,,,,101593,1002,291,,TP.Vĩnh Yên,
V211004,H.Bình Xuyên,V211,DTLV,1,,2,DTLV,,,,,,101594,1005,291,,H.Bình Xuyên,
V211002,H.Lập Thạch,V211,DTLV,1,,3,DTLV,,,,,,101595,1003,291,,H.Lập Thạch,
V211011,H.Sông Lô,V211,DTLV,1,,4,DTLV,,,,,,101596,14248,291,,H.Sông Lô,
V211009,H.Tam Đảo,V211,DTLV,1,,5,DTLV,,,,,,101597,510,291,,H.Tam Đảo,
V211003,H.Tam Dương,V211,DTLV,1,,6,DTLV,,,,,,101598,1004,291,,H.Tam Dương,
V211005,H.Vĩnh Tường,V211,DTLV,1,,7,DTLV,,,,,,101599,1006,291,,H.Vĩnh Tường,
V211006,H.Yên Lạc,V211,DTLV,1,,8,DTLV,,,,,,101600,1007,291,,H.Yên Lạc,
V064002,TP.Bà Rịa,V064,DTLV,1,,0,DTLV,,,,,,101601,724,378,,TP.Bà Rịa,
V064001,TP.Vũng Tàu,V064,DTLV,1,,1,DTLV,,,,,,101602,723,378,,TP.Vũng Tàu,
V064003,H.Châu Đức,V064,DTLV,1,,2,DTLV,,,,,,101603,725,378,,H.Châu Đức,
V064007,H.Côn Đảo,V064,DTLV,1,,3,DTLV,,,,,,101604,827,378,,H.Côn Đảo,
V064008,H.Đất Đỏ,V064,DTLV,1,,4,DTLV,,,,,,101605,513,378,,H.Đất Đỏ,
V064010,H.Long Điền,V064,DTLV,1,,5,DTLV,,,,,,101606,430,378,,H.Long Điền,
V064004,H.Xuyên Mộc,V064,DTLV,1,,6,DTLV,,,,,,101607,825,378,,H.Xuyên Mộc,
V064005,TX.Phú Mỹ,V064,DTLV,1,,7,DTLV,,,,,,101608,826,378,,TX.Phú Mỹ,
Y029001,TP.Yên Bái,Y029,DTLV,1,,0,DTLV,,,,,,101609,944,314,,TP.Yên Bái,
Y029003,H.Lục Yên,Y029,DTLV,1,,1,DTLV,,,,,,101610,946,314,,H.Lục Yên,
Y029005,H.Mù Cang Chải,Y029,DTLV,1,,2,DTLV,,,,,,101611,948,314,,H.Mù Cang Chải,
Y029009,H.Trạm Tấu,Y029,DTLV,1,,3,DTLV,,,,,,101612,952,314,,H.Trạm Tấu,
Y029006,H.Trấn Yên,Y029,DTLV,1,,4,DTLV,,,,,,101613,949,314,,H.Trấn Yên,
Y029008,H.Văn Chấn,Y029,DTLV,1,,5,DTLV,,,,,,101614,951,314,,H.Văn Chấn,
Y029004,H.Văn Yên,Y029,DTLV,1,,6,DTLV,,,,,,101615,947,314,,H.Văn Yên,
Y029007,H.Yên Bình,Y029,DTLV,1,,7,DTLV,,,,,,101616,950,314,,H.Yên Bình,
Y029002,TX.Nghĩa Lộ,Y029,DTLV,1,,8,DTLV,,,,,,101617,945,314,,TX.Nghĩa Lộ,
