,Input,Output CHU KỲ THỜI GIAN,Target CHU KỲ THỜI GIAN
116,"trước khi bắt đầu, hãy mở biểu đồ cảnh báo 2 của hồ chí minh để tìm hiểu về đời sống và công cuộc cách mạng của ông",ngày,tháng
121,của tôi cho thấy tình hình ở bắc kạn trong tháng vừa qua,ngày,tháng
123,mở dashboard chỉ huy bắc kạn là một phần quan trọng trong việc theo dõi hoạt động khu vực này,ngày,tháng
483,"để có cái nhìn tổng quan về tình hình địa phương, chúng ta nên thường xuyên mở biểu đồ cơ cấu và cập nhật thông tin từ huế",ngày,tháng
554,mở biểu đồ rank giúp tăng cường quản lý trong quá trình thực hiện dự án,ngày,tháng
597,bạn đã mở thành công của hth chưa,ngày,tháng
664,chúng tôi đã mời chuyên gia đến giúp chúng tôi thiết kế đát bọt mới cho quản lý hiệu quả hơn,ngày,tháng
800,"nếu bạn muốn truy cập vào biểu đồ cảnh báo 2, hãy mở trình duyệt của bạn",ngày,tháng
943,"để xem thông tin chi tiết, bạn hãy mở của vcs",ngày,tháng
1033,đát bót chỉ huy cho phép tôi theo dõi các chỉ số sản xuất của nhà máy thái bình,ngày,tháng
1034,tôi cảm thấy thoải mái hơn khi có thể xem trực tiếp thông tin trên đát bót chỉ huy về hoạt động của thái bình,ngày,tháng
1049,"bà rịa vũng tàu đang gặp khó khăn về giao thông, hãy mở db chỉ huy để đưa ra các giải pháp cải thiện hiệu quả",ngày,tháng
1104,"vào đầu tháng, lãnh đạo công ty cần mở db vtt để xem tổng quan mức độ tiến độ thực hiện các dự án",tháng,ngày
1108,"để biết tình hình kinh doanh, mở biểu đồ kết hợp đường và cột của tổng công ty viễn thông vtt",ngày,tháng
1125,tôi vừa mới mở dashboard chỉ huy của tct mạng lưới viettel vtnet được 1 tháng,ngày,tháng
1473,lập kế hoạch mở đát bót chỉ huy đánh giá hiệu suất làm việc của nhân viên vĩnh phúc ngay trong tháng này,tháng,ngày
1582,làm ơn mở của công ty truyền thông viettel để có thể kiểm tra và cập nhật thông tin hàng ngày,ngày,tháng
1678,biểu đồ thị phần của ct tnhh viettel cho thấy doanh số bán hàng tăng mạnh trong tháng này,tháng,ngày
1694,mở biểu đồ đường doanh thu của công ty tnhh viettel idc trong quý này để phân tích giải pháp cải thiện,tháng,ngày
1842,"chỉ cần mở biểu đồ kết hợp đường và cột của viettel, bạn có thể xem được cả thông tin tct công nghiệp công nghệ cao",ngày,tháng
1871,"để đạt được sự hiệu quả cao, viettel vht đã phải mở biểu đồ rank để quản lý công ty",ngày,tháng
1873,"để giúp nhân viên dễ dàng quản lý thông tin, viettel vht đã mở trực tuyến",ngày,tháng
1891,dashboard chỉ huy của viện hàng không vũ trụ viettel vtx vừa được mở ra,ngày,tháng
1902,mở biểu đồ kết hợp đường và cột giúp tổng công ty sxtb viettel nắm bắt thông tin sản xuất một cách nhanh chóng,ngày,tháng
2012,hãy mở để kiểm tra số liệu vbd tháng trước,tháng,ngày
2091,biểu đồ cơ cấu của công ty tnhh nn mtv tm&xnk vcm được cập nhật hằng ngày để quản lý chất lượng sản phẩm,ngày,tháng
2092,dashboard của công ty tnhh nn mtv tm&xnk vcm được cập nhật hằng ngày để quản lý chất lượng sản phẩm,ngày,tháng
2093,db chỉ huy của công ty tnhh nn mtv tm&xnk vcm được cập nhật hằng ngày để quản lý chất lượng sản phẩm,ngày,tháng
2094,biểu đồ rank của công ty tnhh nn mtv tm&xnk vcm được cập nhật hằng ngày để quản lý chất lượng sản phẩm,ngày,tháng
2161,mở đát bọt để ra quyết định dựa trên các chỉ số đánh giá hoạt động của công ty cổ phần xi măng cẩm phả,ngày,tháng
2213,"sau khi mở , tôi đã thấy rõ tình hình tài chính của công ty quản lý tài sản",ngày,tháng
2279,dashboard của trung tâm thể thao viettel giúp các vận động viên có thể quản lý và kiểm soát tốt hơn việc tập luyện hàng ngày,ngày,tháng
2331,bộ phận kế toán cần mở để xem tổng quan tài chính của tỉnh an giang vào ngày cuối cùng của tháng,tháng,ngày
2408,"đà nẵng đang diễn ra nhiều sự kiện quan trọng, hãy mở đát bót để có những thông tin chi tiết hơn",ngày,tháng
2493,"để biết thêm thông tin về chỉ tiêu doanh thu của phú yên trong tháng này, hãy mở dashboard để xem chi tiết",tháng,ngày
2514,hãy mở db để quản lý tài chính của tiền giang trong thời gian tới,ngày,tháng
2519,mở biểu đồ cảnh báo 2 tổng hợp dữ liệu tuyên quang để biết số liệu thống kê vào ngày cuối cùng của tháng,tháng,ngày
2623,"để tiết kiệm thời gian, telemor vtl thường mở db chỉ huy để xem thông tin tổng quan về dữ liệu",ngày,tháng
2704,bạn có thể mở tổng quan hoạt động kinh doanh của natcom nat trong tháng này không,tháng,ngày
2836,của ct viettel tanzania giúp cho việc quản lý hành trình của các nhân viên trở nên thuận tiện và hiệu quả hơn,ngày,tháng
2874,mở đát bọt chỉ huy để đánh giá hiệu suất của chi nhánh công ty viettel burundi vbd vào ngày cuối cùng của tháng,tháng,ngày
2901,"sau khi mở biểu đồ kết hợp đường và cột, công ty viettel burundi vbd đã đẩy mạnh sản xuất kinh doanh",ngày,tháng
2903,đát bót chỉ huy của công ty viettel burundi vbd đã cho thấy sự phát triển tích cực trong tháng vừa qua,ngày,tháng
2914,sếp của bitel yêu cầu xem báo cáo trên vào ngày cuối cùng của tháng,tháng,ngày
3004,mở tct giải pháp doanh nghiệp viettel vts tháng để đánh giá hiệu quả của các chiến dịch marketing,ngày,tháng
3005,mở biểu đồ cột tháng của tổng công ty giải pháp doanh nghiệp viettel vts,ngày,tháng
3249,công ty truyền thông vtm cho phép mở được từ bất kỳ thiết bị di động nào,ngày,tháng
3507,"để đảm bảo hoạt động hiệu quả, công ty burundi vbd cần mở hàng ngày để xem kết quả làm việc",ngày,tháng
3509,thành viên trong công ty burundi vbd đã được hướng dẫn cách mở đát bót để theo dõi và đánh giá tiến độ làm việc hàng ngày,ngày,tháng
3511,"tháng này, tôi phải mở để kiểm tra ct burundi vbd",ngày,tháng
3583,mở dashboard tổng công ty giải pháp doanh nghiệp vts cho tháng,ngày,tháng
3584,xin vui lòng mở biểu đồ đường tháng của tổng công ty giải pháp doanh nghiệp vts,ngày,tháng
3718,"trong tháng này, viettel sóc trăng đã mở biểu đồ rank hàng ngày",tháng,ngày
3803,việc mở đát bót chỉ huy hàng ngày của viettel tổng công ty viễn thông vtt giúp cán bộ quản lý nắm bắt thông tin và đưa ra quyết định nhanh chóng,ngày,tháng
3925,"tôi đã mở biểu đồ rank của viettel, công ty cổ phần đầu tư quốc tế viettel",ngày,tháng
3926,biểu đồ rank của viettel tổng công ty cổ phần đầu tư quốc tế viettel cung cấp thông tin chi tiết về dịch vụ và sản phẩm của họ,ngày,tháng
3927,"hãy nhanh chóng mở biểu đồ cơ cấu viettel, công ty cổ phần đầu tư quốc tế viettel để cập nhật thông tin mới nhất",ngày,tháng
3928,"hãy nhanh chóng mở đát bót chỉ huy viettel, công ty cổ phần đầu tư quốc tế viettel để cập nhật thông tin mới nhất",ngày,tháng
3929,"hãy nhanh chóng mở viettel, công ty cổ phần đầu tư quốc tế viettel để cập nhật thông tin mới nhất",ngày,tháng
4029,"hôm nay là ngày quan trọng, tôi hãy mở đát bọt chỉ huy viettel bạc liêu để theo dõi doanh số kinh doanh trong tháng vừa qua",tháng,ngày
4087,"mở biểu đồ cảnh báo 2 viettel ninh bình, bạn sẽ tìm thấy thông tin cần thiết về cuộc sống hàng ngày",ngày,tháng
4088,viettel ninh bình đã mở cửa biểu đồ cột mới của họ và nhận được nhiều sự quan tâm từ người dùng,ngày,tháng
4182,viettel vtx đã chính thức mở cửa biểu đồ rank mới để cải thiện trải nghiệm người dùng,ngày,tháng
4202,viettel hồ chí minh đã mở một đát bót tiện ích cho các khách hàng của mình,ngày,tháng
4311,lâm đồng đã mở biểu đồ kết hợp đường và cột mới của mình trên hệ thống của viettel,ngày,tháng
4378,"trước khi đánh giá dự án, tôi thường mở đát bọt chỉ huy để xem thông tin về tình hình thị trường",ngày,tháng
4454,mở viettel hbh là một nhiệm vụ quan trọng trong quản lý doanh nghiệp,ngày,tháng
4482,tôi nhớ mở dashboard của viettel hpg hàng ngày để cập nhật thông tin mới nhất,ngày,tháng
4698,tôi đã mất nhiều thời gian để tìm hiểu cách mở biểu đồ cột của viettel nan nhưng cuối cùng tôi đã thành công,ngày,tháng
4743,"cách đây ít phút, tôi vừa mở viettel tnh và phát hiện ra một số thay đổi",tháng,ngày
4813,hãy mở biểu đồ rank viettel bdg trong khoảng thời gian này,ngày,tháng
4848,"mỗi ngày, tôi đều mở đát bọt chỉ huy viettel bte để cập nhật thông tin mới nhất",ngày,tháng
4937,"trong quý này, tôi đã mở biểu đồ cảnh báo 2 viettel stl hàng ngày để theo dõi tiến độ dự án",ngày,tháng
4938,mở đát bót viettel stl thường xuyên sẽ giúp tôi nắm bắt được thông tin mới nhất về hoạt động của công ty,ngày,tháng
5057,"để chuẩn bị cho cuộc họp sáng ngày mai, tôi đã mở biểu đồ cơ cấu viettel pto để xem báo cáo kết quả kinh doanh tháng trước",tháng,ngày
5210,hộp thư của tôi bị đầy nên tôi cần mở đát bọt chỉ huy để xem các thông báo mới từ viettel tt không gian mạng viettel vtcc,ngày,tháng
5211,nhân viên it đã mở dashboard quản lý dữ liệu của công ty vào sáng sớm hôm nay,ngày,tháng
5213,"viettel tt không gian mạng viettel vtcc đã cung cấp một phiên bản mới cho đát bót chỉ huy, giúp tăng cường tính năng và hiệu suất sử dụng",ngày,tháng
5214,"viettel tt không gian mạng viettel vtcc đã cung cấp một phiên bản mới cho , giúp tăng cường tính năng và hiệu suất sử dụng",ngày,tháng
5353,"mở biểu đồ cột của viettel ct cp giao thông số vdtc, công việc quản lý dữ liệu giao thông trở nên thuận tiện hơn",ngày,tháng
5419,db chỉ huy đã được mở bởi viettel tổng công ty công nghiệp công nghệ cao viettel vht,ngày,tháng
5579,hãy mở biểu đồ cảnh báo 2 viettel bình thuận đến ngày 5 tháng sau,tháng,ngày
5656,"trong của viettel ct tnhh nn mtv t&m&xnk vcm, có mở được các bảng thông tin về doanh thu",ngày,tháng
5658,đội ngũ nhân viên của viettel ct tnhh nn mtv t&m&xnk vcm đang sử dụng dashboard chỉ huy mở để quản lý hoạt động của công ty,ngày,tháng
5932,viettel bình thuận đã mở biểu đồ để khách hàng có thể tiếp cận và sử dụng dịch vụ dễ dàng hơn,ngày,tháng
6293,"trong tháng này, tôi đã mở đát bọt chỉ huy của viettel movitel mov hàng ngày để theo dõi tiến độ công việc",tháng,ngày
6446,việc mở biểu đồ giúp viettel ct control hoạt động của viettel burundi hiệu quả hơn,ngày,tháng
6447,việc mở biểu đồ cảnh báo 2 giúp viettel ct control hoạt động của viettel burundi hiệu quả hơn,ngày,tháng
6448,việc mở đát bọt chỉ huy giúp viettel ct control hoạt động của viettel burundi hiệu quả hơn,ngày,tháng
6449,việc mở giúp viettel ct control hoạt động của viettel burundi hiệu quả hơn,ngày,tháng
6511,"để truy cập vào db chỉ huy, hãy mở trang web của công ty viettel peru vtp",ngày,tháng
6513,viettel là công ty viễn thông nổi tiếng và biểu đồ cảnh báo 2 của họ rất tiện lợi,ngày,tháng
6550,mở biểu đồ rank của giải pháp doanh nghiệp viettel tct viettel vts trong tháng,ngày,tháng
6644,"truy cập vào ngày đầu tiên của tháng, star telecom đã mở biểu đồ thị phần để người dùng truy cập",tháng,ngày
6680,tôi quyết định mở biểu đồ thị phần của tôi để kiểm tra tiến độ công việc tại peru,ngày,tháng
6681,báo cáo biểu đồ cho thấy peru là một thị trường tiềm năng cho sản phẩm của chúng tôi,ngày,tháng
6682,báo cáo cho thấy peru là một thị trường tiềm năng cho sản phẩm của chúng tôi,ngày,tháng
6683,báo cáo cho thấy peru là một thị trường tiềm năng cho sản phẩm của chúng tôi,ngày,tháng
6684,báo cáo cho thấy peru là một thị trường tiềm năng cho sản phẩm của chúng tôi,ngày,tháng
6752,viettel cyber security mở các khóa đào tạo tháng này trên biểu đồ thị phần của mình,ngày,tháng
